/*
 Navicat Premium Dump SQL

 Source Server         : mysql
 Source Server Type    : MySQL
 Source Server Version : 50744 (5.7.44-log)
 Source Host           : 127.0.0.1:3306
 Source Schema         : fssoa

 Target Server Type    : MySQL
 Target Server Version : 50744 (5.7.44-log)
 File Encoding         : 65001

 Date: 24/07/2026 16:44:37
*/

SET NAMES utf8mb4;
SET FOREIGN_KEY_CHECKS = 0;

-- ----------------------------
-- Table structure for tool_generate_tables
-- ----------------------------
DROP TABLE IF EXISTS `tool_generate_tables`;
CREATE TABLE `tool_generate_tables`  (
  `id` int(11) UNSIGNED NOT NULL AUTO_INCREMENT COMMENT 'ن¸»é”®',
  `table_name` varchar(200) CHARACTER SET utf8 COLLATE utf8_general_ci NULL DEFAULT NULL COMMENT 'è،¨هگچç§°',
  `table_comment` varchar(500) CHARACTER SET utf8 COLLATE utf8_general_ci NULL DEFAULT NULL COMMENT 'è،¨و³¨é‡ٹ',
  `stub` varchar(50) CHARACTER SET utf8 COLLATE utf8_general_ci NULL DEFAULT NULL COMMENT 'stubç±»ه‍‹',
  `template` varchar(50) CHARACTER SET utf8 COLLATE utf8_general_ci NULL DEFAULT NULL COMMENT 'و¨،و‌؟هگچç§°',
  `namespace` varchar(255) CHARACTER SET utf8 COLLATE utf8_general_ci NULL DEFAULT NULL COMMENT 'ه‘½هگچç©؛é—´',
  `package_name` varchar(100) CHARACTER SET utf8 COLLATE utf8_general_ci NULL DEFAULT NULL COMMENT 'وژ§هˆ¶ه™¨هŒ…هگچ',
  `business_name` varchar(50) CHARACTER SET utf8 COLLATE utf8_general_ci NULL DEFAULT NULL COMMENT 'ن¸ڑهٹ،هگچç§°',
  `class_name` varchar(50) CHARACTER SET utf8 COLLATE utf8_general_ci NULL DEFAULT NULL COMMENT 'ç±»هگچç§°',
  `menu_name` varchar(100) CHARACTER SET utf8 COLLATE utf8_general_ci NULL DEFAULT NULL COMMENT 'ç”ںوˆگèڈœهچ•هگچ',
  `belong_menu_id` int(11) NULL DEFAULT NULL COMMENT 'و‰€ه±‍èڈœهچ•',
  `tpl_category` varchar(100) CHARACTER SET utf8 COLLATE utf8_general_ci NULL DEFAULT NULL COMMENT 'ç”ںوˆگç±»ه‍‹,single هچ•è،¨CRUD,tree و ‘è،¨CRUD,parent_subçˆ¶ه­گè،¨CRUD',
  `generate_type` smallint(6) NULL DEFAULT 1 COMMENT '1 هژ‹ç¼©هŒ…ن¸‹è½½ 2 ç”ںوˆگهˆ°و¨،ه‌—',
  `generate_path` varchar(100) CHARACTER SET utf8 COLLATE utf8_general_ci NULL DEFAULT 'saiadmin-artd' COMMENT 'ه‰چç«¯و ¹ç›®ه½•',
  `generate_model` smallint(6) NULL DEFAULT 1 COMMENT '1 è½¯هˆ é™¤ 2 é‌‍è½¯هˆ é™¤',
  `generate_menus` varchar(255) CHARACTER SET utf8 COLLATE utf8_general_ci NULL DEFAULT NULL COMMENT 'ç”ںوˆگèڈœهچ•هˆ—è،¨',
  `build_menu` smallint(6) NULL DEFAULT 1 COMMENT 'وک¯هگ¦و‍„ه»؛èڈœهچ•',
  `component_type` smallint(6) NULL DEFAULT 1 COMMENT 'ç»„ن»¶وک¾ç¤؛و–¹ه¼ڈ',
  `options` varchar(1500) CHARACTER SET utf8 COLLATE utf8_general_ci NULL DEFAULT NULL COMMENT 'ه…¶ن»–ن¸ڑهٹ،é€‰é،¹',
  `form_width` int(11) NULL DEFAULT 800 COMMENT 'è،¨هچ•ه®½ه؛¦',
  `is_full` tinyint(1) NULL DEFAULT 1 COMMENT 'وک¯هگ¦ه…¨ه±ڈ',
  `remark` varchar(255) CHARACTER SET utf8 COLLATE utf8_general_ci NULL DEFAULT NULL COMMENT 'ه¤‡و³¨',
  `source` varchar(255) CHARACTER SET utf8 COLLATE utf8_general_ci NULL DEFAULT NULL COMMENT 'و•°وچ®و؛گ',
  `created_by` int(11) NULL DEFAULT NULL COMMENT 'هˆ›ه»؛è€…',
  `updated_by` int(11) NULL DEFAULT NULL COMMENT 'و›´و–°è€…',
  `create_time` datetime NULL DEFAULT NULL COMMENT 'هˆ›ه»؛و—¶é—´',
  `update_time` datetime NULL DEFAULT NULL COMMENT 'ن؟®و”¹و—¶é—´',
  `delete_time` datetime NULL DEFAULT NULL COMMENT 'هˆ é™¤و—¶é—´',
  PRIMARY KEY (`id`) USING BTREE
) ENGINE = InnoDB AUTO_INCREMENT = 4 CHARACTER SET = utf8 COLLATE = utf8_general_ci COMMENT = 'ن»£ç پç”ںوˆگن¸ڑهٹ،è،¨' ROW_FORMAT = DYNAMIC;

-- ----------------------------
-- Records of tool_generate_tables
-- ----------------------------

-- ----------------------------
-- Table structure for tool_generate_columns
-- ----------------------------
DROP TABLE IF EXISTS `tool_generate_columns`;
CREATE TABLE `tool_generate_columns`  (
  `id` int(11) UNSIGNED NOT NULL AUTO_INCREMENT COMMENT 'ن¸»é”®',
  `table_id` int(11) UNSIGNED NULL DEFAULT NULL COMMENT 'و‰€ه±‍è،¨ID',
  `column_name` varchar(200) CHARACTER SET utf8 COLLATE utf8_general_ci NULL DEFAULT NULL COMMENT 'ه­—و®µهگچç§°',
  `column_comment` varchar(255) CHARACTER SET utf8 COLLATE utf8_general_ci NULL DEFAULT NULL COMMENT 'ه­—و®µو³¨é‡ٹ',
  `column_type` varchar(50) CHARACTER SET utf8 COLLATE utf8_general_ci NULL DEFAULT NULL COMMENT 'ه­—و®µç±»ه‍‹',
  `default_value` varchar(50) CHARACTER SET utf8 COLLATE utf8_general_ci NULL DEFAULT NULL COMMENT 'é»کè®¤ه€¼',
  `is_pk` smallint(6) NULL DEFAULT 1 COMMENT '1 é‌‍ن¸»é”® 2 ن¸»é”®',
  `is_required` smallint(6) NULL DEFAULT 1 COMMENT '1 é‌‍ه؟…ه،« 2 ه؟…ه،«',
  `is_insert` smallint(6) NULL DEFAULT 1 COMMENT '1 é‌‍وڈ’ه…¥ه­—و®µ 2 وڈ’ه…¥ه­—و®µ',
  `is_edit` smallint(6) NULL DEFAULT 1 COMMENT '1 é‌‍ç¼–è¾‘ه­—و®µ 2 ç¼–è¾‘ه­—و®µ',
  `is_list` smallint(6) NULL DEFAULT 1 COMMENT '1 é‌‍هˆ—è،¨وک¾ç¤؛ه­—و®µ 2 هˆ—è،¨وک¾ç¤؛ه­—و®µ',
  `is_query` smallint(6) NULL DEFAULT 1 COMMENT '1 é‌‍وں¥è¯¢ه­—و®µ 2 وں¥è¯¢ه­—و®µ',
  `is_sort` smallint(6) NULL DEFAULT 1 COMMENT '1 é‌‍وژ’ه؛ڈ 2 وژ’ه؛ڈ',
  `query_type` varchar(100) CHARACTER SET utf8 COLLATE utf8_general_ci NULL DEFAULT 'eq' COMMENT 'وں¥è¯¢و–¹ه¼ڈ eq ç­‰ن؛ژ, neq ن¸چç­‰ن؛ژ, gt ه¤§ن؛ژ, lt ه°ڈن؛ژ, like èŒƒه›´',
  `view_type` varchar(100) CHARACTER SET utf8 COLLATE utf8_general_ci NULL DEFAULT 'text' COMMENT 'é،µé‌¢وژ§ن»¶,text, textarea, password, select, checkbox, radio, date, upload, ma-upload(ه°پè£…çڑ„ن¸ٹن¼ وژ§ن»¶)',
  `dict_type` varchar(200) CHARACTER SET utf8 COLLATE utf8_general_ci NULL DEFAULT NULL COMMENT 'ه­—ه…¸ç±»ه‍‹',
  `allow_roles` varchar(255) CHARACTER SET utf8 COLLATE utf8_general_ci NULL DEFAULT NULL COMMENT 'ه…پè®¸وں¥çœ‹è¯¥ه­—و®µçڑ„è§’è‰²',
  `options` varchar(1000) CHARACTER SET utf8 COLLATE utf8_general_ci NULL DEFAULT NULL COMMENT 'ه­—و®µه…¶ن»–è®¾ç½®',
  `sort` tinyint(3) UNSIGNED NULL DEFAULT 0 COMMENT 'وژ’ه؛ڈ',
  `remark` varchar(255) CHARACTER SET utf8 COLLATE utf8_general_ci NULL DEFAULT NULL COMMENT 'ه¤‡و³¨',
  `created_by` int(11) NULL DEFAULT NULL COMMENT 'هˆ›ه»؛è€…',
  `updated_by` int(11) NULL DEFAULT NULL COMMENT 'و›´و–°è€…',
  `create_time` datetime NULL DEFAULT NULL COMMENT 'هˆ›ه»؛و—¶é—´',
  `update_time` datetime NULL DEFAULT NULL COMMENT 'ن؟®و”¹و—¶é—´',
  `delete_time` datetime NULL DEFAULT NULL COMMENT 'هˆ é™¤و—¶é—´',
  PRIMARY KEY (`id`) USING BTREE
) ENGINE = InnoDB AUTO_INCREMENT = 463 CHARACTER SET = utf8 COLLATE = utf8_general_ci COMMENT = 'ن»£ç پç”ںوˆگن¸ڑهٹ،ه­—و®µè،¨' ROW_FORMAT = DYNAMIC;

-- ----------------------------
-- Records of tool_generate_columns
-- ----------------------------

-- ----------------------------
-- Table structure for tool_crontab_log
-- ----------------------------
DROP TABLE IF EXISTS `tool_crontab_log`;
CREATE TABLE `tool_crontab_log`  (
  `id` int(11) UNSIGNED NOT NULL AUTO_INCREMENT COMMENT 'ن¸»é”®',
  `crontab_id` int(11) UNSIGNED NULL DEFAULT NULL COMMENT 'ن»»هٹ،ID',
  `name` varchar(255) CHARACTER SET utf8 COLLATE utf8_general_ci NULL DEFAULT NULL COMMENT 'ن»»هٹ،هگچç§°',
  `target` varchar(500) CHARACTER SET utf8 COLLATE utf8_general_ci NULL DEFAULT NULL COMMENT 'ن»»هٹ،è°ƒç”¨ç›®و ‡ه­—ç¬¦ن¸²',
  `parameter` varchar(1000) CHARACTER SET utf8 COLLATE utf8_general_ci NULL DEFAULT NULL COMMENT 'ن»»هٹ،è°ƒç”¨هڈ‚و•°',
  `exception_info` varchar(2000) CHARACTER SET utf8 COLLATE utf8_general_ci NULL DEFAULT NULL COMMENT 'ه¼‚ه¸¸ن؟،وپ¯',
  `status` smallint(6) NULL DEFAULT 1 COMMENT 'و‰§è،Œçٹ¶و€پ (1وˆگهٹں 2ه¤±è´¥)',
  `create_time` datetime NULL DEFAULT NULL COMMENT 'هˆ›ه»؛و—¶é—´',
  `update_time` datetime NULL DEFAULT NULL COMMENT 'ن؟®و”¹و—¶é—´',
  `delete_time` datetime NULL DEFAULT NULL COMMENT 'هˆ é™¤و—¶é—´',
  PRIMARY KEY (`id`) USING BTREE
) ENGINE = InnoDB AUTO_INCREMENT = 21 CHARACTER SET = utf8 COLLATE = utf8_general_ci COMMENT = 'ه®ڑو—¶ن»»هٹ،و‰§è،Œو—¥ه؟—è،¨' ROW_FORMAT = DYNAMIC;

-- ----------------------------
-- Records of tool_crontab_log
-- ----------------------------

-- ----------------------------
-- Table structure for tool_crontab
-- ----------------------------
DROP TABLE IF EXISTS `tool_crontab`;
CREATE TABLE `tool_crontab`  (
  `id` int(11) UNSIGNED NOT NULL AUTO_INCREMENT COMMENT 'ن¸»é”®',
  `name` varchar(100) CHARACTER SET utf8 COLLATE utf8_general_ci NULL DEFAULT NULL COMMENT 'ن»»هٹ،هگچç§°',
  `type` smallint(6) NULL DEFAULT 4 COMMENT 'ن»»هٹ،ç±»ه‍‹',
  `target` varchar(500) CHARACTER SET utf8 COLLATE utf8_general_ci NULL DEFAULT NULL COMMENT 'è°ƒç”¨ن»»هٹ،ه­—ç¬¦ن¸²',
  `parameter` varchar(1000) CHARACTER SET utf8 COLLATE utf8_general_ci NULL DEFAULT NULL COMMENT 'è°ƒç”¨ن»»هٹ،هڈ‚و•°',
  `task_style` tinyint(1) NULL DEFAULT NULL COMMENT 'و‰§è،Œç±»ه‍‹',
  `rule` varchar(32) CHARACTER SET utf8 COLLATE utf8_general_ci NULL DEFAULT NULL COMMENT 'ن»»هٹ،و‰§è،Œè،¨è¾¾ه¼ڈ',
  `singleton` smallint(6) NULL DEFAULT 1 COMMENT 'وک¯هگ¦هچ•و¬،و‰§è،Œ (1 وک¯ 2 ن¸چوک¯)',
  `status` smallint(6) NULL DEFAULT 1 COMMENT 'çٹ¶و€پ (1و­£ه¸¸ 2هپœç”¨)',
  `remark` varchar(255) CHARACTER SET utf8 COLLATE utf8_general_ci NULL DEFAULT NULL COMMENT 'ه¤‡و³¨',
  `created_by` int(11) NULL DEFAULT NULL COMMENT 'هˆ›ه»؛è€…',
  `updated_by` int(11) NULL DEFAULT NULL COMMENT 'و›´و–°è€…',
  `create_time` datetime NULL DEFAULT NULL COMMENT 'هˆ›ه»؛و—¶é—´',
  `update_time` datetime NULL DEFAULT NULL COMMENT 'ن؟®و”¹و—¶é—´',
  `delete_time` datetime NULL DEFAULT NULL COMMENT 'هˆ é™¤و—¶é—´',
  PRIMARY KEY (`id`) USING BTREE
) ENGINE = InnoDB AUTO_INCREMENT = 6 CHARACTER SET = utf8 COLLATE = utf8_general_ci COMMENT = 'ه®ڑو—¶ن»»هٹ،ن؟،وپ¯è،¨' ROW_FORMAT = DYNAMIC;

-- ----------------------------
-- Records of tool_crontab
-- ----------------------------
INSERT INTO `tool_crontab` VALUES (1, 'è®؟é—®ه®کç½‘', 1, 'https://www.baidu.com', '?hot=1', 1, '0 0 9 * * *', 2, 1, '', 1, 1, '2026-01-01 00:00:00', '2026-03-23 23:47:50', NULL);
INSERT INTO `tool_crontab` VALUES (2, 'ç™»ه½•gitee', 2, 'https://gitee.com/check_user_login', '{\"user_login\": \"saiadmin\"}', 1, '0 0 10 * * *', 2, 1, '', 1, 1, '2026-01-01 00:00:00', '2026-01-01 00:00:00', NULL);
INSERT INTO `tool_crontab` VALUES (3, 'ه®ڑو—¶و‰§è،Œن»»هٹ،', 3, '\\plugin\\saiadmin\\process\\Test', '{\"type\":\"1\"}', 5, '0 0 */12 * * *', 2, 1, '', 1, 1, '2026-01-01 00:00:00', '2026-01-01 00:00:00', NULL);
INSERT INTO `tool_crontab` VALUES (4, 'aaabb', 1, 'asadd', '', 1, '0 1 1 * * *', 1, 0, '', 1, 1, '2026-03-23 23:48:16', '2026-03-28 23:13:57', NULL);
INSERT INTO `tool_crontab` VALUES (5, 'test', 1, 'test', '1', 1, '', 1, 1, '', 1, 1, '2026-03-28 23:02:02', '2026-03-28 23:12:41', '2026-03-28 23:12:41');

-- ----------------------------
-- Table structure for system_user_role
-- ----------------------------
DROP TABLE IF EXISTS `system_user_role`;
CREATE TABLE `system_user_role`  (
  `id` bigint(20) UNSIGNED NOT NULL AUTO_INCREMENT,
  `user_id` bigint(20) UNSIGNED NOT NULL,
  `role_id` bigint(20) UNSIGNED NOT NULL,
  `status` tinyint(3) UNSIGNED NOT NULL DEFAULT 1 COMMENT 'çٹ¶و€پï¼ڑ0=ç¦پç”¨ 1=هگ¯ç”¨',
  `created_by` int(11) NULL DEFAULT NULL COMMENT 'هˆ›ه»؛è€…',
  `updated_by` int(11) NULL DEFAULT NULL COMMENT 'و›´و–°è€…',
  `create_time` datetime NULL DEFAULT NULL COMMENT 'هˆ›ه»؛و—¶é—´',
  `update_time` datetime NULL DEFAULT NULL COMMENT 'ن؟®و”¹و—¶é—´',
  `delete_time` datetime NULL DEFAULT NULL COMMENT 'هˆ é™¤و—¶é—´',
  PRIMARY KEY (`id`) USING BTREE,
  INDEX `idx_role_id`(`role_id`) USING BTREE,
  INDEX `idx_user_id`(`user_id`) USING BTREE
) ENGINE = InnoDB AUTO_INCREMENT = 85 CHARACTER SET = utf8 COLLATE = utf8_general_ci COMMENT = 'ç”¨وˆ·è§’è‰²ه…³èپ”' ROW_FORMAT = DYNAMIC;

-- ----------------------------
-- Records of system_user_role
-- ----------------------------
INSERT INTO `system_user_role` VALUES (1, 1, 1, 1, NULL, NULL, NULL, NULL, NULL);

-- ----------------------------
-- Table structure for system_user_post
-- ----------------------------
DROP TABLE IF EXISTS `system_user_post`;
CREATE TABLE `system_user_post`  (
  `id` bigint(20) UNSIGNED NOT NULL AUTO_INCREMENT COMMENT 'ن¸»é”®',
  `user_id` bigint(20) UNSIGNED NOT NULL COMMENT 'ç”¨وˆ·ن¸»é”®',
  `post_id` bigint(20) UNSIGNED NOT NULL COMMENT 'ه²—ن½چن¸»é”®',
  `status` tinyint(3) UNSIGNED NOT NULL DEFAULT 1 COMMENT 'çٹ¶و€پï¼ڑ0=ç¦پç”¨ 1=هگ¯ç”¨',
  `created_by` bigint(20) UNSIGNED NOT NULL DEFAULT 0 COMMENT 'هˆ›ه»؛ن؛؛ID',
  `updated_by` bigint(20) UNSIGNED NOT NULL DEFAULT 0 COMMENT 'و›´و–°ن؛؛ID',
  `create_time` datetime NULL DEFAULT NULL COMMENT 'هˆ›ه»؛و—¶é—´',
  `update_time` datetime NULL DEFAULT NULL COMMENT 'ن؟®و”¹و—¶é—´',
  `delete_time` datetime NULL DEFAULT NULL COMMENT 'هˆ é™¤و—¶é—´',
  PRIMARY KEY (`id`) USING BTREE,
  INDEX `idx_user_id`(`user_id`) USING BTREE,
  INDEX `idx_post_id`(`post_id`) USING BTREE
) ENGINE = InnoDB AUTO_INCREMENT = 52 CHARACTER SET = utf8 COLLATE = utf8_general_ci COMMENT = 'ç”¨وˆ·ن¸ژه²—ن½چه…³èپ”è،¨' ROW_FORMAT = DYNAMIC;

-- ----------------------------
-- Records of system_user_post
-- ----------------------------

-- ----------------------------
-- Table structure for system_user_menu
-- ----------------------------
DROP TABLE IF EXISTS `system_user_menu`;
CREATE TABLE `system_user_menu`  (
  `id` bigint(20) UNSIGNED NOT NULL AUTO_INCREMENT COMMENT 'ن¸»é”®ID',
  `user_id` bigint(20) UNSIGNED NOT NULL COMMENT 'ç”¨وˆ·ID',
  `menu_id` bigint(20) UNSIGNED NOT NULL COMMENT 'èڈœهچ•ID',
  `created_by` bigint(20) UNSIGNED NULL DEFAULT 0 COMMENT 'هˆ›ه»؛ن؛؛ID',
  `updated_by` bigint(20) UNSIGNED NULL DEFAULT 0 COMMENT 'و›´و–°ن؛؛ID',
  `status` tinyint(3) UNSIGNED NOT NULL DEFAULT 1 COMMENT 'çٹ¶و€پï¼ڑ0=ç¦پç”¨ 1=هگ¯ç”¨',
  `create_time` datetime NULL DEFAULT NULL COMMENT 'هˆ›ه»؛و—¶é—´',
  `update_time` datetime NULL DEFAULT NULL COMMENT 'ن؟®و”¹و—¶é—´',
  `delete_time` datetime NULL DEFAULT NULL COMMENT 'هˆ é™¤و—¶é—´',
  PRIMARY KEY (`id`) USING BTREE,
  UNIQUE INDEX `uk_user_menu`(`user_id`, `menu_id`) USING BTREE,
  INDEX `idx_user_id`(`user_id`) USING BTREE,
  INDEX `idx_menu_id`(`menu_id`) USING BTREE
) ENGINE = InnoDB AUTO_INCREMENT = 789 CHARACTER SET = utf8mb4 COLLATE = utf8mb4_unicode_ci COMMENT = 'ç”¨وˆ·èڈœهچ•ه…³èپ”è،¨' ROW_FORMAT = Dynamic;

-- ----------------------------
-- Records of system_user_menu
-- ----------------------------

-- ----------------------------
-- Table structure for system_user_dept
-- ----------------------------
DROP TABLE IF EXISTS `system_user_dept`;
CREATE TABLE `system_user_dept`  (
  `id` bigint(20) UNSIGNED NOT NULL AUTO_INCREMENT COMMENT 'ID',
  `user_id` bigint(20) UNSIGNED NOT NULL COMMENT 'ç”¨وˆ·ID',
  `dept_id` bigint(20) UNSIGNED NOT NULL COMMENT 'éƒ¨é—¨ID',
  `created_by` bigint(20) UNSIGNED NULL DEFAULT NULL COMMENT 'هˆ›ه»؛ن؛؛ID',
  `updated_by` bigint(20) UNSIGNED NULL DEFAULT NULL COMMENT 'و›´و–°ن؛؛ID',
  `create_time` timestamp NULL DEFAULT NULL COMMENT 'هˆ›ه»؛و—¶é—´',
  `update_time` timestamp NULL DEFAULT NULL COMMENT 'و›´و–°و—¶é—´',
  PRIMARY KEY (`id`) USING BTREE,
  INDEX `idx_user_id`(`user_id`) USING BTREE,
  INDEX `idx_dept_id`(`dept_id`) USING BTREE
) ENGINE = MyISAM AUTO_INCREMENT = 15 CHARACTER SET = utf8 COLLATE = utf8_general_ci ROW_FORMAT = Fixed;

-- ----------------------------
-- Records of system_user_dept
-- ----------------------------

-- ----------------------------
-- Table structure for system_user
-- ----------------------------
DROP TABLE IF EXISTS `system_user`;
CREATE TABLE `system_user`  (
  `id` int(11) UNSIGNED NOT NULL AUTO_INCREMENT,
  `username` varchar(64) CHARACTER SET utf8 COLLATE utf8_general_ci NOT NULL COMMENT 'ç™»ه½•è´¦هڈ·',
  `password` varchar(255) CHARACTER SET utf8 COLLATE utf8_general_ci NOT NULL COMMENT 'هٹ ه¯†ه¯†ç پ',
  `realname` varchar(64) CHARACTER SET utf8 COLLATE utf8_general_ci NULL DEFAULT NULL COMMENT 'çœںه®‍ه§“هگچ',
  `gender` varchar(10) CHARACTER SET utf8 COLLATE utf8_general_ci NULL DEFAULT NULL COMMENT 'و€§هˆ«',
  `avatar` varchar(255) CHARACTER SET utf8 COLLATE utf8_general_ci NULL DEFAULT NULL COMMENT 'ه¤´هƒڈ',
  `email` varchar(128) CHARACTER SET utf8 COLLATE utf8_general_ci NULL DEFAULT NULL COMMENT 'é‚®ç®±',
  `phone` varchar(20) CHARACTER SET utf8 COLLATE utf8_general_ci NULL DEFAULT NULL COMMENT 'و‰‹وœ؛هڈ·',
  `signed` varchar(255) CHARACTER SET utf8 COLLATE utf8_general_ci NULL DEFAULT NULL COMMENT 'ن¸ھو€§ç­¾هگچ',
  `dashboard` varchar(255) CHARACTER SET utf8 COLLATE utf8_general_ci NULL DEFAULT 'work' COMMENT 'ه·¥ن½œهڈ°',
  `dept_id` bigint(20) UNSIGNED NULL DEFAULT NULL COMMENT 'ن¸»ه½’ه±‍éƒ¨é—¨',
  `is_super` tinyint(1) NULL DEFAULT 0 COMMENT 'وک¯هگ¦è¶…ç؛§ç®،çگ†ه‘ک: 1وک¯(è·³è؟‡و‌ƒé™گو£€وں¥), 0هگ¦',
  `status` tinyint(1) NULL DEFAULT 1 COMMENT 'çٹ¶و€پ: 1هگ¯ç”¨, 0ç¦پç”¨',
  `remark` varchar(255) CHARACTER SET utf8 COLLATE utf8_general_ci NULL DEFAULT NULL COMMENT 'ه¤‡و³¨',
  `login_time` timestamp NULL DEFAULT NULL COMMENT 'وœ€هگژç™»ه½•و—¶é—´',
  `login_ip` varchar(45) CHARACTER SET utf8 COLLATE utf8_general_ci NULL DEFAULT NULL COMMENT 'وœ€هگژç™»ه½•IP',
  `created_by` int(11) NULL DEFAULT NULL COMMENT 'هˆ›ه»؛è€…',
  `updated_by` int(11) NULL DEFAULT NULL COMMENT 'و›´و–°è€…',
  `create_time` datetime NULL DEFAULT NULL COMMENT 'هˆ›ه»؛و—¶é—´',
  `update_time` datetime NULL DEFAULT NULL COMMENT 'ن؟®و”¹و—¶é—´',
  `delete_time` datetime NULL DEFAULT NULL COMMENT 'هˆ é™¤و—¶é—´',
  PRIMARY KEY (`id`) USING BTREE,
  UNIQUE INDEX `uk_username`(`username`) USING BTREE,
  INDEX `idx_dept_id`(`dept_id`) USING BTREE
) ENGINE = InnoDB AUTO_INCREMENT = 125 CHARACTER SET = utf8 COLLATE = utf8_general_ci COMMENT = 'ç”¨وˆ·è،¨' ROW_FORMAT = DYNAMIC;

-- ----------------------------
-- Records of system_user
-- ----------------------------
INSERT INTO `system_user` VALUES (1, 'admin', '$2y$10$wnixh48uDnaW/6D9EygDd.OHJK0vQY/4nHaTjMKBCVDBP2NiTatqS', 'ه†·وœˆه¦‚éœœ', '1', '/uploads/2026/03/28/69c7a15ee50ff0.57272058.jpg', 'eqrayphp@admin.com', '15888888888', 'eqrayadminوک¯ه…¼ه…·è®¾è®،ç¾ژه­¦ن¸ژé«کو•ˆه¼€هڈ‘çڑ„هگژهڈ°ç³»ç»ں!11', 'statistics', 1, 1, 1, NULL, '2026-07-24 16:35:02', '127.0.0.1', 1, 1, '2026-01-01 00:00:00', '2026-07-24 16:35:02', NULL);

-- ----------------------------
-- Table structure for system_role_menu
-- ----------------------------
DROP TABLE IF EXISTS `system_role_menu`;
CREATE TABLE `system_role_menu`  (
  `id` bigint(20) UNSIGNED NOT NULL AUTO_INCREMENT,
  `role_id` bigint(20) UNSIGNED NOT NULL,
  `menu_id` bigint(20) UNSIGNED NOT NULL,
  `created_by` int(11) NULL DEFAULT NULL COMMENT 'هˆ›ه»؛è€…',
  `updated_by` int(11) NULL DEFAULT NULL COMMENT 'و›´و–°è€…',
  `create_time` datetime NULL DEFAULT NULL COMMENT 'هˆ›ه»؛و—¶é—´',
  `update_time` datetime NULL DEFAULT NULL COMMENT 'ن؟®و”¹و—¶é—´',
  `delete_time` datetime NULL DEFAULT NULL COMMENT 'هˆ é™¤و—¶é—´',
  PRIMARY KEY (`id`) USING BTREE,
  INDEX `idx_menu_id`(`menu_id`) USING BTREE,
  INDEX `idx_role_id`(`role_id`) USING BTREE
) ENGINE = InnoDB AUTO_INCREMENT = 519 CHARACTER SET = utf8 COLLATE = utf8_general_ci COMMENT = 'è§’è‰²و‌ƒé™گه…³èپ”' ROW_FORMAT = DYNAMIC;

-- ----------------------------
-- Records of system_role_menu
-- ----------------------------

-- ----------------------------
-- Table structure for system_role_dept
-- ----------------------------
DROP TABLE IF EXISTS `system_role_dept`;
CREATE TABLE `system_role_dept`  (
  `id` bigint(20) UNSIGNED NOT NULL AUTO_INCREMENT,
  `role_id` bigint(20) UNSIGNED NOT NULL,
  `dept_id` bigint(20) UNSIGNED NOT NULL,
  PRIMARY KEY (`id`) USING BTREE,
  INDEX `idx_role_id`(`role_id`) USING BTREE,
  INDEX `idx_dept_id`(`dept_id`) USING BTREE
) ENGINE = InnoDB AUTO_INCREMENT = 22 CHARACTER SET = utf8 COLLATE = utf8_general_ci COMMENT = 'è§’è‰²-è‡ھه®ڑن¹‰و•°وچ®و‌ƒé™گه…³èپ”' ROW_FORMAT = DYNAMIC;

-- ----------------------------
-- Records of system_role_dept
-- ----------------------------

-- ----------------------------
-- Table structure for system_role
-- ----------------------------
DROP TABLE IF EXISTS `system_role`;
CREATE TABLE `system_role`  (
  `id` bigint(20) UNSIGNED NOT NULL AUTO_INCREMENT,
  `parent_id` bigint(20) UNSIGNED NOT NULL DEFAULT 0 COMMENT 'çˆ¶è§’è‰²IDï¼Œ0è،¨ç¤؛é،¶ç؛§è§’è‰²',
  `name` varchar(64) CHARACTER SET utf8 COLLATE utf8_general_ci NOT NULL COMMENT 'è§’è‰²هگچç§°',
  `code` varchar(64) CHARACTER SET utf8 COLLATE utf8_general_ci NOT NULL COMMENT 'è§’è‰²و ‡è¯†(è‹±و–‡ه”¯ن¸€)ï¼Œه¦‚: hr_manager',
  `level` int(11) NULL DEFAULT 1 COMMENT 'è§’è‰²ç؛§هˆ«(1-100)ï¼ڑç”¨ن؛ژè،Œو”؟وژ§هˆ¶ï¼Œن¸چهڈ¯و“چن½œç؛§هˆ«>=è‡ھه·±çڑ„è§’è‰²',
  `data_scope` tinyint(4) NULL DEFAULT 1 COMMENT 'و•°وچ®èŒƒه›´: 1ه…¨éƒ¨, 2وœ¬éƒ¨é—¨هڈٹن¸‹ه±‍, 3وœ¬éƒ¨é—¨, 4ن»…وœ¬ن؛؛, 5è‡ھه®ڑن¹‰',
  `remark` varchar(255) CHARACTER SET utf8 COLLATE utf8_general_ci NULL DEFAULT NULL COMMENT 'ه¤‡و³¨',
  `sort` int(11) NULL DEFAULT 100,
  `status` tinyint(1) NULL DEFAULT 1 COMMENT 'çٹ¶و€پ: 1هگ¯ç”¨, 0ç¦پç”¨',
  `created_by` int(11) NULL DEFAULT NULL COMMENT 'هˆ›ه»؛è€…',
  `updated_by` int(11) NULL DEFAULT NULL COMMENT 'و›´و–°è€…',
  `create_time` datetime NULL DEFAULT NULL COMMENT 'هˆ›ه»؛و—¶é—´',
  `update_time` datetime NULL DEFAULT NULL COMMENT 'ن؟®و”¹و—¶é—´',
  `delete_time` datetime NULL DEFAULT NULL COMMENT 'هˆ é™¤و—¶é—´',
  PRIMARY KEY (`id`) USING BTREE,
  UNIQUE INDEX `uk_slug`(`code`) USING BTREE
) ENGINE = InnoDB AUTO_INCREMENT = 206 CHARACTER SET = utf8 COLLATE = utf8_general_ci COMMENT = 'è§’è‰²è،¨' ROW_FORMAT = DYNAMIC;

-- ----------------------------
-- Records of system_role
-- ----------------------------
INSERT INTO `system_role` VALUES (1, 0, 'è¶…ç؛§ç®،çگ†ه‘ک', 'super_admin', 100, 1, 'ç³»ç»ںç»´وٹ¤è€…ï¼Œو‹¥وœ‰و‰€وœ‰و‌ƒé™گ', 100, 1, 1, 1, '2026-01-01 00:00:00', '2026-01-01 00:00:00', NULL);
INSERT INTO `system_role` VALUES (205, 0, 'ه®،و ¸ه‘ک', 'AUDIT_ROLE', 1, 1, '', 100, 1, 1, 1, '2026-07-24 16:35:51', '2026-07-24 16:35:51', NULL);

-- ----------------------------
-- Table structure for system_post
-- ----------------------------
DROP TABLE IF EXISTS `system_post`;
CREATE TABLE `system_post`  (
  `id` int(11) UNSIGNED NOT NULL AUTO_INCREMENT COMMENT 'ن¸»é”®',
  `name` varchar(50) CHARACTER SET utf8 COLLATE utf8_general_ci NULL DEFAULT NULL COMMENT 'ه²—ن½چهگچç§°',
  `code` varchar(100) CHARACTER SET utf8 COLLATE utf8_general_ci NULL DEFAULT NULL COMMENT 'ه²—ن½چن»£ç پ',
  `sort` smallint(5) UNSIGNED NULL DEFAULT 0 COMMENT 'وژ’ه؛ڈ',
  `status` smallint(6) NULL DEFAULT 1 COMMENT 'çٹ¶و€پ (1و­£ه¸¸ 2هپœç”¨)',
  `remark` varchar(255) CHARACTER SET utf8 COLLATE utf8_general_ci NULL DEFAULT NULL COMMENT 'ه¤‡و³¨',
  `created_by` int(11) NULL DEFAULT NULL COMMENT 'هˆ›ه»؛è€…',
  `updated_by` int(11) NULL DEFAULT NULL COMMENT 'و›´و–°è€…',
  `create_time` datetime NULL DEFAULT NULL COMMENT 'هˆ›ه»؛و—¶é—´',
  `update_time` datetime NULL DEFAULT NULL COMMENT 'ن؟®و”¹و—¶é—´',
  `delete_time` datetime NULL DEFAULT NULL COMMENT 'هˆ é™¤و—¶é—´',
  PRIMARY KEY (`id`) USING BTREE
) ENGINE = InnoDB AUTO_INCREMENT = 7 CHARACTER SET = utf8 COLLATE = utf8_general_ci COMMENT = 'ه²—ن½چن؟،وپ¯è،¨' ROW_FORMAT = DYNAMIC;

-- ----------------------------
-- Records of system_post
-- ----------------------------

-- ----------------------------
-- Table structure for system_oper_log
-- ----------------------------
DROP TABLE IF EXISTS `system_oper_log`;
CREATE TABLE `system_oper_log`  (
  `id` bigint(20) UNSIGNED NOT NULL AUTO_INCREMENT COMMENT 'ن¸»é”®',
  `username` varchar(20) CHARACTER SET utf8 COLLATE utf8_general_ci NULL DEFAULT NULL COMMENT 'ç”¨وˆ·هگچ',
  `app` varchar(50) CHARACTER SET utf8 COLLATE utf8_general_ci NULL DEFAULT NULL COMMENT 'ه؛”ç”¨هگچç§°',
  `method` varchar(20) CHARACTER SET utf8 COLLATE utf8_general_ci NULL DEFAULT NULL COMMENT 'è¯·و±‚و–¹ه¼ڈ',
  `router` varchar(500) CHARACTER SET utf8 COLLATE utf8_general_ci NULL DEFAULT NULL COMMENT 'è¯·و±‚è·¯ç”±',
  `service_name` varchar(30) CHARACTER SET utf8 COLLATE utf8_general_ci NULL DEFAULT NULL COMMENT 'ن¸ڑهٹ،هگچç§°',
  `ip` varchar(45) CHARACTER SET utf8 COLLATE utf8_general_ci NULL DEFAULT NULL COMMENT 'è¯·و±‚IPهœ°ه‌€',
  `ip_location` varchar(255) CHARACTER SET utf8 COLLATE utf8_general_ci NULL DEFAULT NULL COMMENT 'IPو‰€ه±‍هœ°',
  `request_data` text CHARACTER SET utf8 COLLATE utf8_general_ci NULL COMMENT 'è¯·و±‚و•°وچ®',
  `duration` varchar(20) CHARACTER SET utf8 COLLATE utf8_general_ci NULL DEFAULT NULL COMMENT 'è€—و—¶',
  `remark` varchar(255) CHARACTER SET utf8 COLLATE utf8_general_ci NULL DEFAULT NULL COMMENT 'ه¤‡و³¨',
  `created_by` int(11) NULL DEFAULT NULL COMMENT 'هˆ›ه»؛è€…',
  `updated_by` int(11) NULL DEFAULT NULL COMMENT 'و›´و–°è€…',
  `create_time` datetime NULL DEFAULT NULL COMMENT 'هˆ›ه»؛و—¶é—´',
  `update_time` datetime NULL DEFAULT NULL COMMENT 'و›´و–°و—¶é—´',
  `delete_time` datetime NULL DEFAULT NULL COMMENT 'هˆ é™¤و—¶é—´',
  PRIMARY KEY (`id`) USING BTREE,
  INDEX `username`(`username`) USING BTREE,
  INDEX `idx_create_time`(`create_time`) USING BTREE
) ENGINE = InnoDB AUTO_INCREMENT = 1296 CHARACTER SET = utf8 COLLATE = utf8_general_ci COMMENT = 'و“چن½œو—¥ه؟—è،¨' ROW_FORMAT = DYNAMIC;

-- ----------------------------
-- Records of system_oper_log
-- ----------------------------

-- ----------------------------
-- Table structure for system_menu
-- ----------------------------
DROP TABLE IF EXISTS `system_menu`;
CREATE TABLE `system_menu`  (
  `id` bigint(20) UNSIGNED NOT NULL AUTO_INCREMENT,
  `parent_id` bigint(20) UNSIGNED NULL DEFAULT 0 COMMENT 'çˆ¶ç؛§ID',
  `name` varchar(64) CHARACTER SET utf8 COLLATE utf8_general_ci NOT NULL COMMENT 'èڈœهچ•هگچç§°',
  `code` varchar(64) CHARACTER SET utf8 COLLATE utf8_general_ci NULL DEFAULT NULL COMMENT 'ç»„ن»¶هگچç§°',
  `slug` varchar(100) CHARACTER SET utf8 COLLATE utf8_general_ci NULL DEFAULT NULL COMMENT 'و‌ƒé™گو ‡è¯†ï¼Œه¦‚ user:list, user:add',
  `type` tinyint(1) NOT NULL DEFAULT 1 COMMENT 'ç±»ه‍‹: 1ç›®ه½•, 2èڈœهچ•, 3وŒ‰é’®/API',
  `path` varchar(255) CHARACTER SET utf8 COLLATE utf8_general_ci NULL DEFAULT NULL COMMENT 'è·¯ç”±هœ°ه‌€(ه‰چç«¯)وˆ–APIè·¯ه¾„(هگژç«¯)',
  `component` varchar(255) CHARACTER SET utf8 COLLATE utf8_general_ci NULL DEFAULT NULL COMMENT 'ه‰چç«¯ç»„ن»¶è·¯ه¾„ï¼Œه¦‚ layout/User',
  `method` varchar(10) CHARACTER SET utf8 COLLATE utf8_general_ci NULL DEFAULT NULL COMMENT 'è¯·و±‚و–¹ه¼ڈ',
  `icon` varchar(64) CHARACTER SET utf8 COLLATE utf8_general_ci NULL DEFAULT NULL COMMENT 'ه›¾و ‡',
  `sort` int(11) NULL DEFAULT 100 COMMENT 'وژ’ه؛ڈ',
  `link_url` varchar(255) CHARACTER SET utf8 COLLATE utf8_general_ci NULL DEFAULT NULL COMMENT 'ه¤–éƒ¨é“¾وژ¥',
  `is_iframe` tinyint(1) NULL DEFAULT 2 COMMENT 'وک¯هگ¦iframe',
  `is_keep_alive` tinyint(1) NULL DEFAULT 2 COMMENT 'وک¯هگ¦ç¼“ه­ک',
  `is_hidden` tinyint(1) NULL DEFAULT 2 COMMENT 'وک¯هگ¦éڑگè—ڈ',
  `is_fixed_tab` tinyint(1) NULL DEFAULT 2 COMMENT 'وک¯هگ¦ه›؛ه®ڑو ‡ç­¾é،µ',
  `is_full_page` tinyint(1) NULL DEFAULT 2 COMMENT 'وک¯هگ¦ه…¨ه±ڈ',
  `generate_id` int(11) NULL DEFAULT 0 COMMENT 'ç”ںوˆگid',
  `generate_key` varchar(255) CHARACTER SET utf8 COLLATE utf8_general_ci NULL DEFAULT NULL COMMENT 'ç”ںوˆگkey',
  `status` tinyint(1) NULL DEFAULT 1 COMMENT 'çٹ¶و€پ',
  `remark` varchar(255) CHARACTER SET utf8 COLLATE utf8_general_ci NULL DEFAULT NULL,
  `created_by` int(11) NULL DEFAULT NULL COMMENT 'هˆ›ه»؛è€…',
  `updated_by` int(11) NULL DEFAULT NULL COMMENT 'و›´و–°è€…',
  `create_time` datetime NULL DEFAULT NULL COMMENT 'هˆ›ه»؛و—¶é—´',
  `update_time` datetime NULL DEFAULT NULL COMMENT 'ن؟®و”¹و—¶é—´',
  `delete_time` datetime NULL DEFAULT NULL COMMENT 'هˆ é™¤و—¶é—´',
  PRIMARY KEY (`id`) USING BTREE,
  INDEX `idx_parent_id`(`parent_id`) USING BTREE,
  INDEX `idx_slug`(`slug`) USING BTREE
) ENGINE = InnoDB AUTO_INCREMENT = 184 CHARACTER SET = utf8 COLLATE = utf8_general_ci COMMENT = 'èڈœهچ•و‌ƒé™گè،¨' ROW_FORMAT = DYNAMIC;

-- ----------------------------
-- Records of system_menu
-- ----------------------------
INSERT INTO `system_menu` VALUES (1, 0, 'ن»ھè،¨ç›ک', 'Dashboard', NULL, 1, '/dashboard', '', NULL, 'ri:pie-chart-line', 100, NULL, 2, 2, 2, 2, 2, 0, NULL, 1, NULL, 1, 1, '2026-01-01 00:00:00', '2026-01-01 00:00:00', NULL);
INSERT INTO `system_menu` VALUES (2, 1, 'ه·¥ن½œهڈ°', 'Console', '', 2, 'console', '/dashboard/console', NULL, 'ri:home-smile-2-line', 100, '', 2, 2, 2, 1, 2, 0, NULL, 1, '', 1, 1, '2026-01-01 00:00:00', '2026-03-24 22:06:42', NULL);
INSERT INTO `system_menu` VALUES (3, 0, 'ç³»ç»ںç®،çگ†', 'System', NULL, 1, '/system', '', NULL, 'ri:user-3-line', 100, NULL, 2, 2, 2, 2, 2, 0, NULL, 1, NULL, 1, 1, '2026-01-01 00:00:00', '2026-01-01 00:00:00', NULL);
INSERT INTO `system_menu` VALUES (4, 3, 'ç”¨وˆ·ç®،çگ†', 'User', NULL, 2, 'user', '/system/user', NULL, 'ri:user-line', 100, NULL, 2, 2, 2, 2, 2, 0, NULL, 1, NULL, 1, 1, '2026-01-01 00:00:00', '2026-01-01 00:00:00', NULL);
INSERT INTO `system_menu` VALUES (5, 3, 'éƒ¨é—¨ç®،çگ†', 'Dept', NULL, 2, 'dept', '/system/dept', NULL, 'ri:node-tree', 100, NULL, 2, 2, 2, 2, 2, 0, NULL, 1, NULL, 1, 1, '2026-01-01 00:00:00', '2026-01-01 00:00:00', NULL);
INSERT INTO `system_menu` VALUES (6, 3, 'è§’è‰²ç®،çگ†', 'Role', NULL, 2, 'role', '/system/role', NULL, 'ri:admin-line', 100, NULL, 2, 2, 2, 2, 2, 0, NULL, 1, NULL, 1, 1, '2026-01-01 00:00:00', '2026-01-01 00:00:00', NULL);
INSERT INTO `system_menu` VALUES (7, 3, 'ه²—ن½چç®،çگ†', 'Post', '', 2, 'post', '/system/post', NULL, 'ri:signpost-line', 100, '', 2, 2, 2, 2, 2, 0, NULL, 1, NULL, 1, 1, '2026-01-01 00:00:00', '2026-01-01 00:00:00', NULL);
INSERT INTO `system_menu` VALUES (8, 3, 'èڈœهچ•ç®،çگ†', 'Menu', NULL, 2, 'menu', '/system/menu', NULL, 'ri:menu-line', 100, NULL, 2, 2, 2, 2, 2, 0, NULL, 1, NULL, 1, 1, '2026-01-01 00:00:00', '2026-01-01 00:00:00', NULL);
INSERT INTO `system_menu` VALUES (10, 0, 'è؟گç»´ç®،çگ†', 'Safeguard', NULL, 1, '/safeguard', '', NULL, 'ri:shield-check-line', 100, NULL, 2, 2, 2, 2, 2, 0, NULL, 1, NULL, 1, 1, '2026-01-01 00:00:00', '2026-01-01 00:00:00', NULL);
INSERT INTO `system_menu` VALUES (11, 10, 'ç¼“ه­کç®،çگ†', 'Cache', '', 2, 'cache', '/safeguard/cache', NULL, 'ri:keyboard-box-line', 80, '', 2, 2, 2, 2, 2, 0, NULL, 1, NULL, 1, 1, '2026-01-01 00:00:00', '2026-01-01 00:00:00', NULL);
INSERT INTO `system_menu` VALUES (12, 10, 'و•°وچ®ه­—ه…¸', 'Dict', NULL, 2, 'dict', '/safeguard/dict', NULL, 'ri:database-2-line', 100, NULL, 2, 2, 2, 2, 2, 0, NULL, 1, NULL, 1, 1, '2026-01-01 00:00:00', '2026-01-01 00:00:00', NULL);
INSERT INTO `system_menu` VALUES (13, 10, 'é™„ن»¶ç®،çگ†', 'Attachment', '', 2, 'attachment', '/safeguard/attachment', NULL, 'ri:file-cloud-line', 100, '', 2, 2, 2, 2, 2, 0, NULL, 1, NULL, 1, 1, '2026-01-01 00:00:00', '2026-01-01 00:00:00', NULL);
INSERT INTO `system_menu` VALUES (14, 10, 'و•°وچ®è،¨ç»´وٹ¤', 'Database', '', 2, 'database', '/safeguard/database', NULL, 'ri:database-line', 100, '', 2, 2, 2, 2, 2, 0, NULL, 1, NULL, 1, 1, '2026-01-01 00:00:00', '2026-01-01 00:00:00', NULL);
INSERT INTO `system_menu` VALUES (15, 10, 'ç™»ه½•و—¥ه؟—', 'LoginLog', '', 2, 'login-log', '/safeguard/login-log', NULL, 'ri:login-circle-line', 50, '', 2, 2, 2, 2, 2, 0, NULL, 1, NULL, 1, 1, '2026-01-01 00:00:00', '2026-01-01 00:00:00', NULL);
INSERT INTO `system_menu` VALUES (16, 10, 'و“چن½œو—¥ه؟—', 'OperLog', '', 2, 'oper-log', '/safeguard/oper-log', NULL, 'ri:shield-keyhole-line', 50, '', 2, 2, 2, 2, 2, 0, NULL, 1, NULL, 1, 1, '2026-01-01 00:00:00', '2026-01-01 00:00:00', NULL);
INSERT INTO `system_menu` VALUES (17, 10, 'é‚®ن»¶و—¥ه؟—', 'EmailLog', '', 2, 'email-log', '/safeguard/email-log', NULL, 'ri:mail-line', 50, '', 2, 2, 2, 2, 2, 0, NULL, 1, NULL, 1, 1, '2026-01-01 00:00:00', '2026-01-01 00:00:00', NULL);
INSERT INTO `system_menu` VALUES (18, 3, 'ç³»ç»ںè®¾ç½®', 'Config', NULL, 2, 'config', '/system/config', NULL, 'ri:settings-4-line', 100, NULL, 2, 2, 2, 2, 2, 0, NULL, 1, NULL, 1, 1, '2026-01-01 00:00:00', '2026-01-01 00:00:00', NULL);
INSERT INTO `system_menu` VALUES (19, 0, 'ه®کو–¹و–‡و،£', 'Document', '', 4, '', '', NULL, 'ri:file-copy-2-fill', 102, 'https://v3.phpframe.org', 1, 2, 2, 2, 2, 0, NULL, 0, '', 1, 1, '2026-01-01 00:00:00', '2026-07-24 16:33:00', '2026-07-24 16:33:00');
INSERT INTO `system_menu` VALUES (20, 4, 'و•°وچ®هˆ—è،¨', '', 'core:user:index', 3, '', '', NULL, '', 100, '', 2, 2, 2, 2, 2, 0, NULL, 1, NULL, 1, 1, '2026-01-01 00:00:00', '2026-01-01 00:00:00', NULL);
INSERT INTO `system_menu` VALUES (21, 1, 'ن¸ھن؛؛ن¸­ه؟ƒ', 'UserCenter', '', 2, 'user-center', '/dashboard/user-center/index', NULL, 'ri:user-2-line', 100, '', 2, 2, 1, 2, 2, 0, NULL, 1, NULL, 1, 1, '2026-01-01 00:00:00', '2026-01-01 00:00:00', NULL);
INSERT INTO `system_menu` VALUES (22, 4, 'و·»هٹ ', '', 'core:user:save', 3, '', '', NULL, '', 100, '', 2, 2, 2, 2, 2, 0, NULL, 1, NULL, 1, 1, '2026-01-01 00:00:00', '2026-01-01 00:00:00', NULL);
INSERT INTO `system_menu` VALUES (23, 4, 'ن؟®و”¹', '', 'core:user:update', 3, '', '', NULL, '', 100, '', 2, 2, 2, 2, 2, 0, NULL, 1, NULL, 1, 1, '2026-01-01 00:00:00', '2026-01-01 00:00:00', NULL);
INSERT INTO `system_menu` VALUES (24, 4, 'è¯»هڈ–', '', 'core:user:read', 3, '', '', NULL, '', 100, '', 2, 2, 2, 2, 2, 0, NULL, 1, NULL, 1, 1, '2026-01-01 00:00:00', '2026-01-01 00:00:00', NULL);
INSERT INTO `system_menu` VALUES (25, 4, 'هˆ é™¤', '', 'core:user:destroy', 3, '', '', NULL, '', 100, '', 2, 2, 2, 2, 2, 0, NULL, 1, NULL, 1, 1, '2026-01-01 00:00:00', '2026-01-01 00:00:00', NULL);
INSERT INTO `system_menu` VALUES (26, 4, 'é‡چç½®ه¯†ç پ', '', 'core:user:password', 3, '', '', NULL, '', 100, '', 2, 2, 2, 2, 2, 0, NULL, 1, NULL, 1, 1, '2026-01-01 00:00:00', '2026-01-01 00:00:00', NULL);
INSERT INTO `system_menu` VALUES (27, 4, 'و¸…çگ†ç¼“ه­ک', '', 'core:user:cache', 3, '', '', NULL, '', 100, '', 2, 2, 2, 2, 2, 0, NULL, 1, NULL, 1, 1, '2026-01-01 00:00:00', '2026-01-01 00:00:00', NULL);
INSERT INTO `system_menu` VALUES (28, 4, 'è®¾ç½®ه·¥ن½œهڈ°', '', 'core:user:home', 3, '', '', NULL, '', 100, '', 2, 2, 2, 2, 2, 0, NULL, 1, NULL, 1, 1, '2026-01-01 00:00:00', '2026-01-01 00:00:00', NULL);
INSERT INTO `system_menu` VALUES (29, 5, 'و•°وچ®هˆ—è،¨', '', 'core:dept:index', 3, '', '', NULL, '', 100, '', 2, 2, 2, 2, 2, 0, NULL, 1, NULL, 1, 1, '2026-01-01 00:00:00', '2026-01-01 00:00:00', NULL);
INSERT INTO `system_menu` VALUES (30, 5, 'و·»هٹ ', '', 'core:dept:save', 3, '', '', NULL, '', 100, '', 2, 2, 2, 2, 2, 0, NULL, 1, NULL, 1, 1, '2026-01-01 00:00:00', '2026-01-01 00:00:00', NULL);
INSERT INTO `system_menu` VALUES (31, 5, 'ن؟®و”¹', '', 'core:dept:update', 3, '', '', NULL, '', 100, '', 2, 2, 2, 2, 2, 0, NULL, 1, NULL, 1, 1, '2026-01-01 00:00:00', '2026-01-01 00:00:00', NULL);
INSERT INTO `system_menu` VALUES (32, 5, 'è¯»هڈ–', '', 'core:dept:read', 3, '', '', NULL, '', 100, '', 2, 2, 2, 2, 2, 0, NULL, 1, NULL, 1, 1, '2026-01-01 00:00:00', '2026-01-01 00:00:00', NULL);
INSERT INTO `system_menu` VALUES (33, 5, 'هˆ é™¤', '', 'core:dept:destroy', 3, '', '', NULL, '', 100, '', 2, 2, 2, 2, 2, 0, NULL, 1, NULL, 1, 1, '2026-01-01 00:00:00', '2026-01-01 00:00:00', NULL);
INSERT INTO `system_menu` VALUES (34, 6, 'و·»هٹ ', '', 'core:role:save', 3, '', '', NULL, '', 100, '', 2, 2, 2, 2, 2, 0, NULL, 1, NULL, 1, 1, '2026-01-01 00:00:00', '2026-01-01 00:00:00', NULL);
INSERT INTO `system_menu` VALUES (35, 6, 'و•°وچ®هˆ—è،¨', '', 'core:role:index', 3, '', '', NULL, '', 100, '', 2, 2, 2, 2, 2, 0, NULL, 1, NULL, 1, 1, '2026-01-01 00:00:00', '2026-01-01 00:00:00', NULL);
INSERT INTO `system_menu` VALUES (36, 6, 'ن؟®و”¹', '', 'core:role:update', 3, '', '', NULL, '', 100, '', 2, 2, 2, 2, 2, 0, NULL, 1, NULL, 1, 1, '2026-01-01 00:00:00', '2026-01-01 00:00:00', NULL);
INSERT INTO `system_menu` VALUES (37, 6, 'è¯»هڈ–', '', 'core:role:read', 3, '', '', NULL, '', 100, '', 2, 2, 2, 2, 2, 0, NULL, 1, NULL, 1, 1, '2026-01-01 00:00:00', '2026-01-01 00:00:00', NULL);
INSERT INTO `system_menu` VALUES (38, 6, 'هˆ é™¤', '', 'core:role:destroy', 3, '', '', NULL, '', 100, '', 2, 2, 2, 2, 2, 0, NULL, 1, NULL, 1, 1, '2026-01-01 00:00:00', '2026-01-01 00:00:00', NULL);
INSERT INTO `system_menu` VALUES (39, 6, 'èڈœهچ•و‌ƒé™گ', '', 'core:role:menu', 3, '', '', NULL, '', 100, '', 2, 2, 2, 2, 2, 0, NULL, 1, NULL, 1, 1, '2026-01-01 00:00:00', '2026-01-01 00:00:00', NULL);
INSERT INTO `system_menu` VALUES (41, 7, 'و•°وچ®هˆ—è،¨', '', 'core:post:index', 3, '', '', NULL, '', 100, '', 2, 2, 2, 2, 2, 0, NULL, 1, NULL, 1, 1, '2026-01-01 00:00:00', '2026-01-01 00:00:00', NULL);
INSERT INTO `system_menu` VALUES (42, 7, 'و·»هٹ ', '', 'core:post:save', 3, '', '', NULL, '', 100, '', 2, 2, 2, 2, 2, 0, NULL, 1, NULL, 1, 1, '2026-01-01 00:00:00', '2026-01-01 00:00:00', NULL);
INSERT INTO `system_menu` VALUES (43, 7, 'ن؟®و”¹', '', 'core:post:update', 3, '', '', NULL, '', 100, '', 2, 2, 2, 2, 2, 0, NULL, 1, NULL, 1, 1, '2026-01-01 00:00:00', '2026-01-01 00:00:00', NULL);
INSERT INTO `system_menu` VALUES (44, 7, 'è¯»هڈ–', '', 'core:post:read', 3, '', '', NULL, '', 100, '', 2, 2, 2, 2, 2, 0, NULL, 1, NULL, 1, 1, '2026-01-01 00:00:00', '2026-01-01 00:00:00', NULL);
INSERT INTO `system_menu` VALUES (45, 7, 'هˆ é™¤', '', 'core:post:destroy', 3, '', '', NULL, '', 100, '', 2, 2, 2, 2, 2, 0, NULL, 1, NULL, 1, 1, '2026-01-01 00:00:00', '2026-01-01 00:00:00', NULL);
INSERT INTO `system_menu` VALUES (46, 7, 'ه¯¼ه…¥', '', 'core:post:import', 3, '', '', NULL, '', 100, '', 2, 2, 2, 2, 2, 0, NULL, 1, NULL, 1, 1, '2026-01-01 00:00:00', '2026-01-01 00:00:00', NULL);
INSERT INTO `system_menu` VALUES (47, 7, 'ه¯¼ه‡؛', '', 'core:post:export', 3, '', '', NULL, '', 100, '', 2, 2, 2, 2, 2, 0, NULL, 1, NULL, 1, 1, '2026-01-01 00:00:00', '2026-01-01 00:00:00', NULL);
INSERT INTO `system_menu` VALUES (48, 8, 'و•°وچ®هˆ—è،¨', '', 'core:menu:index', 3, '', '', NULL, '', 100, '', 2, 2, 2, 2, 2, 0, NULL, 1, NULL, 1, 1, '2026-01-01 00:00:00', '2026-01-01 00:00:00', NULL);
INSERT INTO `system_menu` VALUES (49, 8, 'è¯»هڈ–', '', 'core:menu:read', 3, '', '', NULL, '', 100, '', 2, 2, 2, 2, 2, 0, NULL, 1, NULL, 1, 1, '2026-01-01 00:00:00', '2026-01-01 00:00:00', NULL);
INSERT INTO `system_menu` VALUES (50, 8, 'و·»هٹ ', '', 'core:menu:save', 3, '', '', NULL, '', 100, '', 2, 2, 2, 2, 2, 0, NULL, 1, NULL, 1, 1, '2026-01-01 00:00:00', '2026-01-01 00:00:00', NULL);
INSERT INTO `system_menu` VALUES (51, 8, 'ن؟®و”¹', '', 'core:menu:update', 3, '', '', NULL, '', 100, '', 2, 2, 2, 2, 2, 0, NULL, 1, NULL, 1, 1, '2026-01-01 00:00:00', '2026-01-01 00:00:00', NULL);
INSERT INTO `system_menu` VALUES (52, 8, 'هˆ é™¤', '', 'core:menu:destroy', 3, '', '', NULL, '', 100, '', 2, 2, 2, 2, 2, 0, NULL, 1, NULL, 1, 1, '2026-01-01 00:00:00', '2026-01-01 00:00:00', NULL);
INSERT INTO `system_menu` VALUES (53, 18, 'و•°وچ®هˆ—è،¨', '', 'core:config:index', 3, '', '', NULL, '', 100, '', 2, 2, 2, 2, 2, 0, NULL, 1, NULL, 1, 1, '2026-01-01 00:00:00', '2026-01-01 00:00:00', NULL);
INSERT INTO `system_menu` VALUES (54, 18, 'ç®،çگ†', '', 'core:config:edit', 3, '', '', NULL, '', 100, '', 2, 2, 2, 2, 2, 0, NULL, 1, NULL, 1, 1, '2026-01-01 00:00:00', '2026-01-01 00:00:00', NULL);
INSERT INTO `system_menu` VALUES (55, 18, 'ن؟®و”¹', '', 'core:config:update', 3, '', '', NULL, '', 100, '', 2, 2, 2, 2, 2, 0, NULL, 1, NULL, 1, 1, '2026-01-01 00:00:00', '2026-01-01 00:00:00', NULL);
INSERT INTO `system_menu` VALUES (56, 12, 'و•°وچ®هˆ—è،¨', '', 'core:dict:index', 3, '', '', NULL, '', 100, '', 2, 2, 2, 2, 2, 0, NULL, 1, NULL, 1, 1, '2026-01-01 00:00:00', '2026-01-01 00:00:00', NULL);
INSERT INTO `system_menu` VALUES (57, 12, 'ç®،çگ†', '', 'core:dict:edit', 3, '', '', NULL, '', 100, '', 2, 2, 2, 2, 2, 0, NULL, 1, NULL, 1, 1, '2026-01-01 00:00:00', '2026-01-01 00:00:00', NULL);
INSERT INTO `system_menu` VALUES (58, 13, 'و•°وچ®هˆ—è،¨', '', 'core:attachment:index', 3, '', '', NULL, '', 100, '', 2, 2, 2, 2, 2, 0, NULL, 1, NULL, 1, 1, '2026-01-01 00:00:00', '2026-01-01 00:00:00', NULL);
INSERT INTO `system_menu` VALUES (59, 13, 'ç®،çگ†', '', 'core:attachment:edit', 3, '', '', NULL, '', 100, '', 2, 2, 2, 2, 2, 0, NULL, 1, NULL, 1, 1, '2026-01-01 00:00:00', '2026-01-01 00:00:00', NULL);
INSERT INTO `system_menu` VALUES (60, 14, 'و•°وچ®è،¨هˆ—è،¨', '', 'core:database:index', 3, '', '', NULL, '', 100, '', 2, 2, 2, 2, 2, 0, NULL, 1, NULL, 1, 1, '2026-01-01 00:00:00', '2026-01-01 00:00:00', NULL);
INSERT INTO `system_menu` VALUES (61, 14, 'و•°وچ®è،¨ç»´وٹ¤', '', 'core:database:edit', 3, '', '', NULL, '', 100, '', 2, 2, 2, 2, 2, 0, NULL, 1, NULL, 1, 1, '2026-01-01 00:00:00', '2026-01-01 00:00:00', NULL);
INSERT INTO `system_menu` VALUES (62, 14, 'ه›‍و”¶ç«™و•°وچ®', '', 'core:recycle:index', 3, '', '', NULL, '', 100, '', 2, 2, 2, 2, 2, 0, NULL, 1, NULL, 1, 1, '2026-01-01 00:00:00', '2026-01-01 00:00:00', NULL);
INSERT INTO `system_menu` VALUES (63, 14, 'ه›‍و”¶ç«™ç®،çگ†', '', 'core:recycle:edit', 3, '', '', NULL, '', 100, '', 2, 2, 2, 2, 2, 0, NULL, 1, NULL, 1, 1, '2026-01-01 00:00:00', '2026-01-01 00:00:00', NULL);
INSERT INTO `system_menu` VALUES (64, 15, 'و•°وچ®هˆ—è،¨', '', 'core:logs:login', 3, '', '', NULL, '', 100, '', 2, 2, 2, 2, 2, 0, NULL, 1, NULL, 1, 1, '2026-01-01 00:00:00', '2026-01-01 00:00:00', NULL);
INSERT INTO `system_menu` VALUES (65, 15, 'هˆ é™¤', '', 'core:logs:deleteLogin', 3, '', '', NULL, '', 100, '', 2, 2, 2, 2, 2, 0, NULL, 1, NULL, 1, 1, '2026-01-01 00:00:00', '2026-01-01 00:00:00', NULL);
INSERT INTO `system_menu` VALUES (66, 16, 'و•°وچ®هˆ—è،¨', '', 'core:logs:Oper', 3, '', '', NULL, '', 100, '', 2, 2, 2, 2, 2, 0, NULL, 1, NULL, 1, 1, '2026-01-01 00:00:00', '2026-01-01 00:00:00', NULL);
INSERT INTO `system_menu` VALUES (67, 16, 'هˆ é™¤', '', 'core:logs:deleteOper', 3, '', '', NULL, '', 100, '', 2, 2, 2, 2, 2, 0, NULL, 1, NULL, 1, 1, '2026-01-01 00:00:00', '2026-01-01 00:00:00', NULL);
INSERT INTO `system_menu` VALUES (68, 17, 'و•°وچ®هˆ—è،¨', '', 'core:email:index', 3, '', '', NULL, '', 100, '', 2, 2, 2, 2, 2, 0, NULL, 1, NULL, 1, 1, '2026-01-01 00:00:00', '2026-01-01 00:00:00', NULL);
INSERT INTO `system_menu` VALUES (69, 17, 'هˆ é™¤', '', 'core:email:destroy', 3, '', '', NULL, '', 100, '', 2, 2, 2, 2, 2, 0, NULL, 1, NULL, 1, 1, '2026-01-01 00:00:00', '2026-01-01 00:00:00', NULL);
INSERT INTO `system_menu` VALUES (70, 10, 'وœچهٹ،ç›‘وژ§', 'Server', '', 2, 'server', '/safeguard/server', NULL, 'ri:server-line', 90, '', 2, 2, 2, 2, 2, 0, NULL, 1, NULL, 1, 1, '2026-01-01 00:00:00', '2026-01-01 00:00:00', NULL);
INSERT INTO `system_menu` VALUES (71, 70, 'و•°وچ®هˆ—è،¨', '', 'core:server:monitor', 3, '', '', NULL, '', 100, '', 2, 2, 2, 2, 2, 0, NULL, 1, NULL, 1, 1, '2026-01-01 00:00:00', '2026-01-01 00:00:00', NULL);
INSERT INTO `system_menu` VALUES (72, 11, 'و•°وچ®هˆ—è،¨', '', 'core:server:cache', 3, '', '', NULL, '', 100, '', 2, 2, 2, 2, 2, 0, NULL, 1, NULL, 1, 1, '2026-01-01 00:00:00', '2026-01-01 00:00:00', NULL);
INSERT INTO `system_menu` VALUES (73, 11, 'ç¼“ه­کو¸…çگ†', '', 'core:server:clear', 3, '', '', NULL, '', 100, '', 2, 2, 2, 2, 2, 0, NULL, 1, NULL, 1, 1, '2026-01-01 00:00:00', '2026-01-01 00:00:00', NULL);
INSERT INTO `system_menu` VALUES (74, 2, 'ç™»ه½•و•°وچ®ç»ںè®،', '', 'core:console:list', 3, '', '', NULL, '', 100, '', 2, 2, 2, 2, 2, 0, NULL, 1, NULL, 1, 1, '2026-01-01 00:00:00', '2026-01-01 00:00:00', NULL);
INSERT INTO `system_menu` VALUES (75, 0, 'é™„هٹ و‌ƒé™گ', 'Permission', '', 1, 'permission', '', NULL, 'ri:apps-2-ai-line', 100, '', 2, 2, 1, 2, 2, 0, NULL, 1, NULL, 1, 1, '2026-01-01 00:00:00', '2026-01-01 00:00:00', NULL);
INSERT INTO `system_menu` VALUES (76, 75, 'ن¸ٹن¼ ه›¾ç‰‡', '', 'core:system:uploadImage', 3, '', '', NULL, '', 100, '', 2, 2, 2, 2, 2, 0, NULL, 1, NULL, 1, 1, '2026-01-01 00:00:00', '2026-01-01 00:00:00', NULL);
INSERT INTO `system_menu` VALUES (77, 75, 'ن¸ٹن¼ و–‡ن»¶', '', 'core:system:uploadFile', 3, '', '', NULL, '', 100, '', 2, 2, 2, 2, 2, 0, NULL, 1, NULL, 1, 1, '2026-01-01 00:00:00', '2026-01-01 00:00:00', NULL);
INSERT INTO `system_menu` VALUES (78, 75, 'é™„ن»¶هˆ—è،¨', '', 'core:system:resource', 3, '', '', NULL, '', 100, '', 2, 2, 2, 2, 2, 0, NULL, 1, NULL, 1, 1, '2026-01-01 00:00:00', '2026-01-01 00:00:00', NULL);
INSERT INTO `system_menu` VALUES (79, 75, 'ç”¨وˆ·هˆ—è،¨', '', 'core:system:user', 3, '', '', NULL, '', 100, '', 2, 2, 2, 2, 2, 0, NULL, 1, NULL, 1, 1, '2026-01-01 00:00:00', '2026-01-01 00:00:00', NULL);
INSERT INTO `system_menu` VALUES (80, 0, 'ه¼€هڈ‘ه·¥ه…·', 'Tool', '', 1, '/tool', '', NULL, 'ri:tools-line', 100, '', 2, 2, 2, 2, 2, 0, NULL, 1, '', 1, 1, '2026-01-01 00:00:00', '2026-03-23 23:03:00', NULL);
INSERT INTO `system_menu` VALUES (81, 80, 'ن»£ç پç”ںوˆگ', 'Code', '', 2, 'code', '/tool/code', NULL, 'ri:code-s-slash-line', 100, '', 2, 2, 2, 2, 2, 0, NULL, 1, '', 1, 1, '2026-01-01 00:00:00', '2026-04-26 17:08:04', NULL);
INSERT INTO `system_menu` VALUES (82, 80, 'ه®ڑو—¶ن»»هٹ،', 'Crontab', '', 2, 'crontab', '/tool/crontab', NULL, 'ri:time-line', 100, '', 2, 2, 2, 2, 2, 0, NULL, 1, NULL, 1, 1, '2026-01-01 00:00:00', '2026-01-01 00:00:00', NULL);
INSERT INTO `system_menu` VALUES (83, 82, 'و•°وچ®هˆ—è،¨', '', 'tool:crontab:index', 3, '', '', NULL, '', 100, '', 2, 2, 2, 2, 2, 0, NULL, 1, NULL, 1, 1, '2026-01-01 00:00:00', '2026-01-01 00:00:00', NULL);
INSERT INTO `system_menu` VALUES (84, 82, 'ç®،çگ†', '', 'tool:crontab:edit', 3, '', '', NULL, '', 100, '', 2, 2, 2, 2, 2, 0, NULL, 1, NULL, 1, 1, '2026-01-01 00:00:00', '2026-01-01 00:00:00', NULL);
INSERT INTO `system_menu` VALUES (85, 82, 'è؟گè،Œن»»هٹ،', '', 'tool:crontab:run', 3, '', '', NULL, '', 100, '', 2, 2, 2, 2, 2, 0, NULL, 1, NULL, 1, 1, '2026-01-01 00:00:00', '2026-01-01 00:00:00', NULL);
INSERT INTO `system_menu` VALUES (86, 81, 'و•°وچ®هˆ—è،¨', '', 'tool:code:index', 3, '', '', NULL, '', 100, '', 2, 2, 2, 2, 2, 0, NULL, 1, NULL, 1, 1, '2026-01-01 00:00:00', '2026-01-01 00:00:00', NULL);
INSERT INTO `system_menu` VALUES (87, 81, 'ç®،çگ†', '', 'tool:code:edit', 3, '', '', NULL, '', 100, '', 2, 2, 2, 2, 2, 0, NULL, 1, NULL, 1, 1, '2026-01-01 00:00:00', '2026-01-01 00:00:00', NULL);
INSERT INTO `system_menu` VALUES (92, 4, 'هˆ†é…چèڈœهچ•', '', 'core:user:menu', 3, '', '', NULL, '', 100, '', 2, 2, 2, 2, 2, 0, NULL, 0, '', 1, 1, '2026-03-24 22:56:49', '2026-03-24 22:56:49', NULL);
INSERT INTO `system_menu` VALUES (93, 1, 'هˆ†و‍گé،µ', 'Analysis', '', 2, 'analysis', '/dashboard/analysis', NULL, 'ri:file-music-line', 100, '', 2, 2, 2, 2, 2, 0, NULL, 1, '', 1, 1, '2026-03-25 20:28:34', '2026-03-29 14:28:06', NULL);
INSERT INTO `system_menu` VALUES (95, 80, 'è،¨هچ•ç¤؛ن¾‹', 'Form', '', 2, 'form', '/tool/form', NULL, 'ri:article-line', 100, '', 2, 2, 2, 2, 2, 0, NULL, 0, '', 1, 1, '2026-03-25 20:47:03', '2026-03-25 20:47:44', NULL);
INSERT INTO `system_menu` VALUES (97, 5, 'èڈœهچ•و ‘', NULL, 'core:dept:tree', 3, '', '', NULL, '', 100, '', 2, 2, 2, 2, 2, 0, NULL, 1, '', 1, 1, '2026-03-29 18:03:52', '2026-03-29 18:03:52', NULL);
INSERT INTO `system_menu` VALUES (104, 10, 'Redisç›‘وژ§', 'Redis', 'core:server:redis', 2, 'redis', '/safeguard/redis', NULL, 'ri:exchange-cny-fill', 100, '', 2, 2, 2, 2, 2, 0, NULL, 1, '', 1, 1, '2026-04-20 22:44:29', '2026-04-21 00:33:07', NULL);

-- ----------------------------
-- Table structure for system_mail
-- ----------------------------
DROP TABLE IF EXISTS `system_mail`;
CREATE TABLE `system_mail`  (
  `id` int(11) UNSIGNED NOT NULL AUTO_INCREMENT COMMENT 'ç¼–هڈ·',
  `gateway` varchar(50) CHARACTER SET utf8 COLLATE utf8_general_ci NULL DEFAULT NULL COMMENT 'ç½‘ه…³',
  `from` varchar(50) CHARACTER SET utf8 COLLATE utf8_general_ci NULL DEFAULT NULL COMMENT 'هڈ‘é€پن؛؛',
  `email` varchar(50) CHARACTER SET utf8 COLLATE utf8_general_ci NULL DEFAULT NULL COMMENT 'وژ¥و”¶ن؛؛',
  `code` varchar(20) CHARACTER SET utf8 COLLATE utf8_general_ci NULL DEFAULT NULL COMMENT 'éھŒè¯پç پ',
  `content` varchar(500) CHARACTER SET utf8 COLLATE utf8_general_ci NULL DEFAULT NULL COMMENT 'é‚®ç®±ه†…ه®¹',
  `status` varchar(20) CHARACTER SET utf8 COLLATE utf8_general_ci NULL DEFAULT NULL COMMENT 'هڈ‘é€پçٹ¶و€پ',
  `response` varchar(500) CHARACTER SET utf8 COLLATE utf8_general_ci NULL DEFAULT NULL COMMENT 'è؟”ه›‍ç»“و‍œ',
  `create_time` datetime NULL DEFAULT NULL COMMENT 'هˆ›ه»؛و—¶é—´',
  `update_time` datetime NULL DEFAULT NULL COMMENT 'ن؟®و”¹و—¶é—´',
  `delete_time` datetime NULL DEFAULT NULL COMMENT 'هˆ é™¤و—¶é—´',
  PRIMARY KEY (`id`) USING BTREE,
  INDEX `idx_create_time`(`create_time`) USING BTREE
) ENGINE = InnoDB AUTO_INCREMENT = 3 CHARACTER SET = utf8 COLLATE = utf8_general_ci COMMENT = 'é‚®ن»¶è®°ه½•' ROW_FORMAT = DYNAMIC;

-- ----------------------------
-- Records of system_mail
-- ----------------------------
INSERT INTO `system_mail` VALUES (1, 'mail.163.com', 'test@qq.com', 'admin@qq.com', '869', 'hello', 'success', 'data', '2026-03-23 19:53:53', NULL, NULL);
INSERT INTO `system_mail` VALUES (2, 'mail.qq.com', 'admin@test.com', 'admin@qq.com', '456', 'test', 'failure', 'data', '2026-03-23 19:52:49', '2026-03-28 18:41:38', NULL);

-- ----------------------------
-- Table structure for system_login_log
-- ----------------------------
DROP TABLE IF EXISTS `system_login_log`;
CREATE TABLE `system_login_log`  (
  `id` int(11) UNSIGNED NOT NULL AUTO_INCREMENT COMMENT 'ن¸»é”®',
  `username` varchar(20) CHARACTER SET utf8 COLLATE utf8_general_ci NULL DEFAULT NULL COMMENT 'ç”¨وˆ·هگچ',
  `ip` varchar(45) CHARACTER SET utf8 COLLATE utf8_general_ci NULL DEFAULT NULL COMMENT 'ç™»ه½•IPهœ°ه‌€',
  `ip_location` varchar(255) CHARACTER SET utf8 COLLATE utf8_general_ci NULL DEFAULT NULL COMMENT 'IPو‰€ه±‍هœ°',
  `os` varchar(50) CHARACTER SET utf8 COLLATE utf8_general_ci NULL DEFAULT NULL COMMENT 'و“چن½œç³»ç»ں',
  `browser` varchar(50) CHARACTER SET utf8 COLLATE utf8_general_ci NULL DEFAULT NULL COMMENT 'وµڈè§ˆه™¨',
  `status` smallint(6) NULL DEFAULT 1 COMMENT 'ç™»ه½•çٹ¶و€پ (1وˆگهٹں 2ه¤±è´¥)',
  `message` varchar(50) CHARACTER SET utf8 COLLATE utf8_general_ci NULL DEFAULT NULL COMMENT 'وڈگç¤؛و¶ˆوپ¯',
  `login_time` datetime NOT NULL DEFAULT CURRENT_TIMESTAMP ON UPDATE CURRENT_TIMESTAMP COMMENT 'ç™»ه½•و—¶é—´',
  `remark` varchar(255) CHARACTER SET utf8 COLLATE utf8_general_ci NULL DEFAULT NULL COMMENT 'ه¤‡و³¨',
  `created_by` int(11) NULL DEFAULT NULL COMMENT 'هˆ›ه»؛è€…',
  `updated_by` int(11) NULL DEFAULT NULL COMMENT 'و›´و–°è€…',
  `create_time` datetime NULL DEFAULT NULL COMMENT 'هˆ›ه»؛و—¶é—´',
  `update_time` datetime NULL DEFAULT NULL COMMENT 'و›´و–°و—¶é—´',
  `delete_time` datetime NULL DEFAULT NULL COMMENT 'هˆ é™¤و—¶é—´',
  PRIMARY KEY (`id`) USING BTREE,
  INDEX `username`(`username`) USING BTREE,
  INDEX `idx_create_time`(`create_time`) USING BTREE,
  INDEX `idx_login_time`(`login_time`) USING BTREE
) ENGINE = InnoDB AUTO_INCREMENT = 507 CHARACTER SET = utf8 COLLATE = utf8_general_ci COMMENT = 'ç™»ه½•و—¥ه؟—è،¨' ROW_FORMAT = DYNAMIC;

-- ----------------------------
-- Records of system_login_log
-- ----------------------------

-- ----------------------------
-- Table structure for system_dict_type
-- ----------------------------
DROP TABLE IF EXISTS `system_dict_type`;
CREATE TABLE `system_dict_type`  (
  `id` int(11) UNSIGNED NOT NULL AUTO_INCREMENT COMMENT 'ن¸»é”®',
  `name` varchar(50) CHARACTER SET utf8 COLLATE utf8_general_ci NULL DEFAULT NULL COMMENT 'ه­—ه…¸هگچç§°',
  `code` varchar(100) CHARACTER SET utf8 COLLATE utf8_general_ci NULL DEFAULT NULL COMMENT 'ه­—ه…¸و ‡ç¤؛',
  `status` smallint(6) NULL DEFAULT 1 COMMENT 'çٹ¶و€پ (1و­£ه¸¸ 2هپœç”¨)',
  `remark` varchar(255) CHARACTER SET utf8 COLLATE utf8_general_ci NULL DEFAULT NULL COMMENT 'ه¤‡و³¨',
  `created_by` int(11) NULL DEFAULT NULL COMMENT 'هˆ›ه»؛è€…',
  `updated_by` int(11) NULL DEFAULT NULL COMMENT 'و›´و–°è€…',
  `create_time` datetime NULL DEFAULT NULL COMMENT 'هˆ›ه»؛و—¶é—´',
  `update_time` datetime NULL DEFAULT NULL COMMENT 'ن؟®و”¹و—¶é—´',
  `delete_time` datetime NULL DEFAULT NULL COMMENT 'هˆ é™¤و—¶é—´',
  PRIMARY KEY (`id`) USING BTREE,
  INDEX `idx_code`(`code`) USING BTREE,
  INDEX `idx_name`(`name`) USING BTREE
) ENGINE = InnoDB AUTO_INCREMENT = 22 CHARACTER SET = utf8 COLLATE = utf8_general_ci COMMENT = 'ه­—ه…¸ç±»ه‍‹è،¨' ROW_FORMAT = DYNAMIC;

-- ----------------------------
-- Records of system_dict_type
-- ----------------------------
INSERT INTO `system_dict_type` VALUES (2, 'ه­که‚¨و¨،ه¼ڈ', 'upload_mode', 1, 'ن¸ٹن¼ و–‡ن»¶ه­که‚¨و¨،ه¼ڈ111', 1, 1, '2026-01-01 00:00:00', '2026-03-23 21:19:39', NULL);
INSERT INTO `system_dict_type` VALUES (3, 'و•°وچ®çٹ¶و€پ', 'data_status', 1, 'é€ڑç”¨و•°وچ®çٹ¶و€پ', 1, 1, '2026-01-01 00:00:00', '2026-01-01 00:00:00', NULL);
INSERT INTO `system_dict_type` VALUES (4, 'هگژهڈ°é¦–é،µ', 'dashboard', 1, NULL, 1, 1, '2026-01-01 00:00:00', '2026-01-01 00:00:00', NULL);
INSERT INTO `system_dict_type` VALUES (5, 'و€§هˆ«', 'gender', 1, '', 1, 1, '2026-01-01 00:00:00', '2026-03-23 21:24:56', NULL);
INSERT INTO `system_dict_type` VALUES (12, 'é™„ن»¶ç±»ه‍‹', 'attachment_type', 1, NULL, 1, 1, '2026-01-01 00:00:00', '2026-01-01 00:00:00', NULL);
INSERT INTO `system_dict_type` VALUES (13, 'èڈœهچ•ç±»ه‍‹', 'menu_type', 1, '', 1, 1, '2026-01-01 00:00:00', '2026-01-01 00:00:00', NULL);
INSERT INTO `system_dict_type` VALUES (14, 'وک¯هگ¦', 'yes_or_no', 1, '11', 1, 1, '2026-01-01 00:00:00', '2026-03-28 18:03:01', NULL);
INSERT INTO `system_dict_type` VALUES (20, 'ه®ڑو—¶ن»»هٹ،ç±»ه‍‹', 'crontab_task_type', 1, '', 1, 1, '2026-01-01 00:00:00', '2026-03-31 00:30:35', NULL);
INSERT INTO `system_dict_type` VALUES (21, '111', '111', 1, '', 1, 1, '2026-03-23 21:25:10', '2026-03-23 22:48:47', '2026-03-23 22:48:47');

-- ----------------------------
-- Table structure for system_dict_data
-- ----------------------------
DROP TABLE IF EXISTS `system_dict_data`;
CREATE TABLE `system_dict_data`  (
  `id` int(11) UNSIGNED NOT NULL AUTO_INCREMENT COMMENT 'ن¸»é”®',
  `type_id` int(11) UNSIGNED NULL DEFAULT NULL COMMENT 'ه­—ه…¸ç±»ه‍‹ID',
  `label` varchar(50) CHARACTER SET utf8 COLLATE utf8_general_ci NULL DEFAULT NULL COMMENT 'ه­—ه…¸و ‡ç­¾',
  `value` varchar(100) CHARACTER SET utf8 COLLATE utf8_general_ci NULL DEFAULT NULL COMMENT 'ه­—ه…¸ه€¼',
  `color` varchar(50) CHARACTER SET utf8 COLLATE utf8_general_ci NULL DEFAULT NULL COMMENT 'ه­—ه…¸é¢œè‰²',
  `code` varchar(100) CHARACTER SET utf8 COLLATE utf8_general_ci NULL DEFAULT NULL COMMENT 'ه­—ه…¸و ‡ç¤؛',
  `sort` smallint(5) UNSIGNED NULL DEFAULT 0 COMMENT 'وژ’ه؛ڈ',
  `status` smallint(6) NULL DEFAULT 1 COMMENT 'çٹ¶و€پ (1و­£ه¸¸ 2هپœç”¨)',
  `remark` varchar(255) CHARACTER SET utf8 COLLATE utf8_general_ci NULL DEFAULT NULL COMMENT 'ه¤‡و³¨',
  `created_by` int(11) NULL DEFAULT NULL COMMENT 'هˆ›ه»؛è€…',
  `updated_by` int(11) NULL DEFAULT NULL COMMENT 'و›´و–°è€…',
  `create_time` datetime NULL DEFAULT NULL COMMENT 'هˆ›ه»؛و—¶é—´',
  `update_time` datetime NULL DEFAULT NULL COMMENT 'ن؟®و”¹و—¶é—´',
  `delete_time` datetime NULL DEFAULT NULL COMMENT 'هˆ é™¤و—¶é—´',
  PRIMARY KEY (`id`) USING BTREE,
  INDEX `type_id`(`type_id`) USING BTREE,
  INDEX `idx_code`(`code`) USING BTREE
) ENGINE = InnoDB AUTO_INCREMENT = 53 CHARACTER SET = utf8 COLLATE = utf8_general_ci COMMENT = 'ه­—ه…¸و•°وچ®è،¨' ROW_FORMAT = DYNAMIC;

-- ----------------------------
-- Records of system_dict_data
-- ----------------------------
INSERT INTO `system_dict_data` VALUES (2, 2, 'وœ¬هœ°ه­که‚¨', '1', '#60c041', 'upload_mode', 100, 1, '', 1, 1, '2026-01-01 00:00:00', '2026-03-23 23:00:39', NULL);
INSERT INTO `system_dict_data` VALUES (3, 2, 'éک؟é‡Œن؛‘OSS', '2', '#f9901f', 'upload_mode', 98, 1, '', 1, 1, '2026-01-01 00:00:00', '2026-01-01 00:00:00', NULL);
INSERT INTO `system_dict_data` VALUES (4, 2, 'ن¸ƒç‰›ن؛‘', '3', '#00ced1', 'upload_mode', 97, 1, '', 1, 1, '2026-01-01 00:00:00', '2026-01-01 00:00:00', NULL);
INSERT INTO `system_dict_data` VALUES (5, 2, 'è…¾è®¯ن؛‘COS', '4', '#1d84ff', 'upload_mode', 96, 1, '', 1, 1, '2026-01-01 00:00:00', '2026-01-01 00:00:00', NULL);
INSERT INTO `system_dict_data` VALUES (6, 2, 'ن؛ڑé©¬é€ٹS3', '5', '#b48df3', 'upload_mode', 95, 1, '', 1, 1, '2026-01-01 00:00:00', '2026-03-23 21:19:51', NULL);
INSERT INTO `system_dict_data` VALUES (7, 3, 'و­£ه¸¸', '1', '#60c041', 'data_status', 0, 1, '1ن¸؛و­£ه¸¸', 1, 1, '2026-01-01 00:00:00', '2026-03-24 23:16:13', NULL);
INSERT INTO `system_dict_data` VALUES (8, 3, 'هپœç”¨', '0', '#ff4d4f', 'data_status', 0, 1, '0ن¸؛هپœç”¨1', 1, 1, '2026-01-01 00:00:00', '2026-03-28 17:53:02', NULL);
INSERT INTO `system_dict_data` VALUES (9, 4, 'ç»ںè®،é،µé‌¢', 'statistics', '#00ced1', 'dashboard', 100, 1, 'ç®،çگ†ه‘کç”¨', 1, 1, '2026-01-01 00:00:00', '2026-01-01 00:00:00', NULL);
INSERT INTO `system_dict_data` VALUES (10, 4, 'ه·¥ن½œهڈ°', 'work', '#ff8c00', 'dashboard', 50, 1, 'ه‘که·¥ن½؟ç”¨', 1, 1, '2026-01-01 00:00:00', '2026-01-01 00:00:00', NULL);
INSERT INTO `system_dict_data` VALUES (11, 5, 'ç”·', '1', '#5d87ff', 'gender', 0, 1, '', 1, 1, '2026-01-01 00:00:00', '2026-01-01 00:00:00', NULL);
INSERT INTO `system_dict_data` VALUES (12, 5, 'ه¥³', '2', '#ff4500', 'gender', 0, 1, '', 1, 1, '2026-01-01 00:00:00', '2026-01-01 00:00:00', NULL);
INSERT INTO `system_dict_data` VALUES (13, 5, 'وœھçں¥', '3', '#b48df3', 'gender', 0, 1, '', 1, 1, '2026-01-01 00:00:00', '2026-01-01 00:00:00', NULL);
INSERT INTO `system_dict_data` VALUES (16, 12, 'ه›¾ç‰‡', 'image', '#60c041', 'attachment_type', 10, 1, '', 1, 1, '2026-01-01 00:00:00', '2026-01-01 00:00:00', NULL);
INSERT INTO `system_dict_data` VALUES (17, 12, 'و–‡و،£', 'text', '#1d84ff', 'attachment_type', 9, 1, '', 1, 1, '2026-01-01 00:00:00', '2026-01-01 00:00:00', NULL);
INSERT INTO `system_dict_data` VALUES (18, 12, 'éں³é¢‘', 'audio', '#00ced1', 'attachment_type', 8, 1, '', 1, 1, '2026-01-01 00:00:00', '2026-01-01 00:00:00', NULL);
INSERT INTO `system_dict_data` VALUES (19, 12, 'è§†é¢‘', 'video', '#ff4500', 'attachment_type', 7, 1, '', 1, 1, '2026-01-01 00:00:00', '2026-01-01 00:00:00', NULL);
INSERT INTO `system_dict_data` VALUES (20, 12, 'ه؛”ç”¨ç¨‹ه؛ڈ', 'application', '#ff8c00', 'attachment_type', 6, 1, '', 1, 1, '2026-01-01 00:00:00', '2026-01-01 00:00:00', NULL);
INSERT INTO `system_dict_data` VALUES (21, 13, 'ç›®ه½•', '1', '#909399', 'menu_type', 100, 1, '', 1, 1, '2026-01-01 00:00:00', '2026-01-01 00:00:00', NULL);
INSERT INTO `system_dict_data` VALUES (22, 13, 'èڈœهچ•', '2', '#1e90ff', 'menu_type', 100, 1, '', 1, 1, '2026-01-01 00:00:00', '2026-01-01 00:00:00', NULL);
INSERT INTO `system_dict_data` VALUES (23, 13, 'وŒ‰é’®', '3', '#ff4500', 'menu_type', 100, 1, '', 1, 1, '2026-01-01 00:00:00', '2026-01-01 00:00:00', NULL);
INSERT INTO `system_dict_data` VALUES (24, 13, 'ه¤–é“¾', '4', '#00ced1', 'menu_type', 100, 1, '', 1, 1, '2026-01-01 00:00:00', '2026-01-01 00:00:00', NULL);
INSERT INTO `system_dict_data` VALUES (25, 14, 'وک¯', '1', '#60c041', 'yes_or_no', 100, 1, '', 1, 1, '2026-01-01 00:00:00', '2026-01-01 00:00:00', NULL);
INSERT INTO `system_dict_data` VALUES (26, 14, 'هگ¦', '0', '#ff4500', 'yes_or_no', 100, 1, '', 1, 1, '2026-01-01 00:00:00', '2026-03-23 21:16:53', NULL);
INSERT INTO `system_dict_data` VALUES (47, 20, 'URLن»»هٹ،GET', '1', '#5d87ff', 'crontab_task_type', 100, 1, '', 1, 1, '2026-01-01 00:00:00', '2026-01-01 00:00:00', NULL);
INSERT INTO `system_dict_data` VALUES (48, 20, 'URLن»»هٹ،POST', '2', '#00ced1', 'crontab_task_type', 100, 1, '', 1, 1, '2026-01-01 00:00:00', '2026-03-28 23:11:23', NULL);
INSERT INTO `system_dict_data` VALUES (49, 20, 'ç±»ن»»هٹ،', '3', '#ff8c00', 'crontab_task_type', 100, 1, '', 1, 1, '2026-01-01 00:00:00', '2026-01-01 00:00:00', NULL);
INSERT INTO `system_dict_data` VALUES (50, 5, 'renn', '4', '#5d87ff', NULL, 100, 1, '', 1, 1, '2026-03-23 21:20:40', '2026-03-23 21:20:44', '2026-03-23 21:20:44');
INSERT INTO `system_dict_data` VALUES (51, 5, '11', '111', '#5d87ff', NULL, 100, 0, '', 1, 1, '2026-03-23 21:20:49', '2026-03-23 21:24:19', '2026-03-23 21:24:19');
INSERT INTO `system_dict_data` VALUES (52, 5, '11', '123', '#5d87ff', NULL, 100, 1, '', 1, 1, '2026-03-23 21:24:27', '2026-03-23 21:24:30', '2026-03-23 21:24:30');

-- ----------------------------
-- Table structure for system_dept
-- ----------------------------
DROP TABLE IF EXISTS `system_dept`;
CREATE TABLE `system_dept`  (
  `id` bigint(20) UNSIGNED NOT NULL AUTO_INCREMENT,
  `parent_id` bigint(20) UNSIGNED NULL DEFAULT 0 COMMENT 'çˆ¶ç؛§IDï¼Œ0ن¸؛و ¹èٹ‚ç‚¹',
  `name` varchar(64) CHARACTER SET utf8 COLLATE utf8_general_ci NOT NULL COMMENT 'éƒ¨é—¨هگچç§°',
  `code` varchar(64) CHARACTER SET utf8 COLLATE utf8_general_ci NULL DEFAULT NULL COMMENT 'éƒ¨é—¨ç¼–ç پ',
  `leader_id` bigint(20) UNSIGNED NULL DEFAULT NULL COMMENT 'éƒ¨é—¨è´ںè´£ن؛؛ID',
  `level` varchar(255) CHARACTER SET utf8 COLLATE utf8_general_ci NULL DEFAULT '' COMMENT 'ç¥–ç؛§هˆ—è،¨ï¼Œو ¼ه¼ڈ: 0,1,5, (ن¾؟ن؛ژوں¥è¯¢ه­گه­™èٹ‚ç‚¹)',
  `sort` int(11) NULL DEFAULT 0 COMMENT 'وژ’ه؛ڈï¼Œو•°ه­—è¶ٹه°ڈè¶ٹé‌ ه‰چ',
  `status` tinyint(1) NULL DEFAULT 1 COMMENT 'çٹ¶و€پ: 1هگ¯ç”¨, 0ç¦پç”¨',
  `remark` varchar(255) CHARACTER SET utf8 COLLATE utf8_general_ci NULL DEFAULT NULL COMMENT 'ه¤‡و³¨',
  `created_by` int(11) NULL DEFAULT NULL COMMENT 'هˆ›ه»؛è€…',
  `updated_by` int(11) NULL DEFAULT NULL COMMENT 'و›´و–°è€…',
  `create_time` datetime NULL DEFAULT NULL COMMENT 'هˆ›ه»؛و—¶é—´',
  `update_time` datetime NULL DEFAULT NULL COMMENT 'ن؟®و”¹و—¶é—´',
  `delete_time` datetime NULL DEFAULT NULL COMMENT 'هˆ é™¤و—¶é—´',
  PRIMARY KEY (`id`) USING BTREE,
  INDEX `idx_parent_id`(`parent_id`) USING BTREE,
  INDEX `idx_path`(`level`) USING BTREE
) ENGINE = InnoDB AUTO_INCREMENT = 131 CHARACTER SET = utf8 COLLATE = utf8_general_ci COMMENT = 'éƒ¨é—¨è،¨' ROW_FORMAT = DYNAMIC;

-- ----------------------------
-- Records of system_dept
-- ----------------------------
INSERT INTO `system_dept` VALUES (130, 0, 'é،¶ç؛§éƒ¨é—¨', 'TOP', 0, '0,', 100, 1, '', 1, 1, '2026-07-24 16:35:24', '2026-07-24 16:35:24', NULL);

-- ----------------------------
-- Table structure for system_config_group
-- ----------------------------
DROP TABLE IF EXISTS `system_config_group`;
CREATE TABLE `system_config_group`  (
  `id` int(11) UNSIGNED NOT NULL AUTO_INCREMENT COMMENT 'ن¸»é”®',
  `name` varchar(50) CHARACTER SET utf8 COLLATE utf8_general_ci NULL DEFAULT NULL COMMENT 'ه­—ه…¸هگچç§°',
  `code` varchar(100) CHARACTER SET utf8 COLLATE utf8_general_ci NULL DEFAULT NULL COMMENT 'ه­—ه…¸و ‡ç¤؛',
  `remark` varchar(255) CHARACTER SET utf8 COLLATE utf8_general_ci NULL DEFAULT NULL COMMENT 'ه¤‡و³¨',
  `created_by` int(11) NULL DEFAULT NULL COMMENT 'هˆ›ه»؛ن؛؛',
  `updated_by` int(11) NULL DEFAULT NULL COMMENT 'و›´و–°ن؛؛',
  `create_time` datetime NULL DEFAULT NULL COMMENT 'هˆ›ه»؛و—¶é—´',
  `update_time` datetime NULL DEFAULT NULL COMMENT 'ن؟®و”¹و—¶é—´',
  `delete_time` datetime NULL DEFAULT NULL COMMENT 'هˆ é™¤و—¶é—´',
  PRIMARY KEY (`id`) USING BTREE
) ENGINE = InnoDB AUTO_INCREMENT = 8 CHARACTER SET = utf8 COLLATE = utf8_general_ci COMMENT = 'هڈ‚و•°é…چç½®هˆ†ç»„è،¨' ROW_FORMAT = DYNAMIC;

-- ----------------------------
-- Records of system_config_group
-- ----------------------------
INSERT INTO `system_config_group` VALUES (1, 'ç«™ç‚¹é…چç½®', 'site_config', '111', 1, 1, '2026-01-01 00:00:00', '2026-03-31 00:31:21', NULL);
INSERT INTO `system_config_group` VALUES (2, 'ن¸ٹن¼ é…چç½®', 'upload_config', NULL, 1, 1, '2026-01-01 00:00:00', '2026-01-01 00:00:00', NULL);
INSERT INTO `system_config_group` VALUES (3, 'é‚®ن»¶وœچهٹ،', 'email_config', NULL, 1, 1, '2026-01-01 00:00:00', '2026-01-01 00:00:00', NULL);
INSERT INTO `system_config_group` VALUES (4, '333', '333', '', 1, 1, '2026-03-22 20:36:51', '2026-03-22 20:43:05', '2026-03-22 20:43:05');
INSERT INTO `system_config_group` VALUES (7, '325235', '235235', '', 1, 1, '2026-03-28 20:36:57', '2026-03-28 20:38:44', '2026-03-28 20:38:44');

-- ----------------------------
-- Table structure for system_config
-- ----------------------------
DROP TABLE IF EXISTS `system_config`;
CREATE TABLE `system_config`  (
  `id` int(11) UNSIGNED NOT NULL AUTO_INCREMENT COMMENT 'ç¼–هڈ·',
  `group_id` int(11) NULL DEFAULT NULL COMMENT 'ç»„id',
  `key` varchar(32) CHARACTER SET utf8 COLLATE utf8_general_ci NOT NULL COMMENT 'é…چç½®é”®هگچ',
  `value` text CHARACTER SET utf8 COLLATE utf8_general_ci NULL COMMENT 'é…چç½®ه€¼',
  `name` varchar(255) CHARACTER SET utf8 COLLATE utf8_general_ci NULL DEFAULT NULL COMMENT 'é…چç½®هگچç§°',
  `input_type` varchar(32) CHARACTER SET utf8 COLLATE utf8_general_ci NULL DEFAULT NULL COMMENT 'و•°وچ®è¾“ه…¥ç±»ه‍‹',
  `config_select_data` varchar(500) CHARACTER SET utf8 COLLATE utf8_general_ci NULL DEFAULT NULL COMMENT 'é…چç½®é€‰é،¹و•°وچ®',
  `sort` smallint(5) UNSIGNED NULL DEFAULT 0 COMMENT 'وژ’ه؛ڈ',
  `remark` varchar(255) CHARACTER SET utf8 COLLATE utf8_general_ci NULL DEFAULT NULL COMMENT 'ه¤‡و³¨',
  `created_by` int(11) NULL DEFAULT NULL COMMENT 'هˆ›ه»؛ن؛؛',
  `updated_by` int(11) NULL DEFAULT NULL COMMENT 'و›´و–°ن؛؛',
  `create_time` datetime NULL DEFAULT NULL COMMENT 'هˆ›ه»؛و—¶é—´',
  `update_time` datetime NULL DEFAULT NULL COMMENT 'ن؟®و”¹و—¶é—´',
  `delete_time` datetime NULL DEFAULT NULL COMMENT 'هˆ é™¤و—¶é—´',
  PRIMARY KEY (`id`, `key`) USING BTREE,
  INDEX `group_id`(`group_id`) USING BTREE
) ENGINE = InnoDB AUTO_INCREMENT = 57 CHARACTER SET = utf8 COLLATE = utf8_general_ci COMMENT = 'هڈ‚و•°é…چç½®ن؟،وپ¯è،¨' ROW_FORMAT = DYNAMIC;

-- ----------------------------
-- Records of system_config
-- ----------------------------
INSERT INTO `system_config` VALUES (1, 1, 'site_copyright', 'Copyright آ© 2026 eqrayphp Team', 'ç‰ˆو‌ƒن؟،وپ¯', 'textarea', NULL, 96, '', 1, 1, '2026-01-01 00:00:00', '2026-03-22 20:34:45', NULL);
INSERT INTO `system_config` VALUES (2, 1, 'site_desc', 'هں؛ن؛ژVue3 + eqrayphp çڑ„و‍پé€ںه¼€هڈ‘و،†و‍¶', 'ç½‘ç«™وڈڈè؟°', 'textarea', NULL, 97, NULL, 1, 1, '2026-01-01 00:00:00', '2026-04-23 21:36:30', NULL);
INSERT INTO `system_config` VALUES (3, 1, 'site_keywords', 'eqrayphp, Workermanï¼Œsymfonyï¼ŒThinkphpï¼Œهگژهڈ°ç®،çگ†ç³»ç»ں', 'ç½‘ç«™ه…³é”®ه­—', 'input', NULL, 98, NULL, 1, 1, '2026-01-01 00:00:00', '2026-04-23 21:36:23', NULL);
INSERT INTO `system_config` VALUES (4, 1, 'site_name', 'eqrayadminهگژهڈ°ç®،çگ†ç³»ç»ں', 'ç½‘ç«™هگچç§°', 'input', NULL, 99, NULL, 1, 1, '2026-01-01 00:00:00', '2026-04-23 21:36:24', NULL);
INSERT INTO `system_config` VALUES (5, 1, 'site_record_number', '9527', 'ç½‘ç«™ه¤‡و،ˆهڈ·', 'input', NULL, 95, NULL, 1, 1, '2026-01-01 00:00:00', '2026-01-01 00:00:00', NULL);
INSERT INTO `system_config` VALUES (6, 2, 'upload_allow_file', 'txt,doc,docx,xls,xlsx,ppt,pptx,rar,zip,7z,gz,pdf,wps,md,jpg,png,jpeg,mp4,pem,crt', 'و–‡ن»¶ç±»ه‍‹', 'input', NULL, 0, NULL, 1, 1, '2026-01-01 00:00:00', '2026-01-01 00:00:00', NULL);
INSERT INTO `system_config` VALUES (7, 2, 'upload_allow_image', 'jpg,jpeg,png,gif,svg,bmp', 'ه›¾ç‰‡ç±»ه‍‹', 'input', NULL, 0, NULL, 1, 1, '2026-01-01 00:00:00', '2026-01-01 00:00:00', NULL);
INSERT INTO `system_config` VALUES (8, 2, 'upload_mode', '1', 'ن¸ٹن¼ و¨،ه¼ڈ', 'select', '[{\"label\":\"وœ¬هœ°ن¸ٹن¼ \",\"value\":\"1\"},{\"label\":\"éک؟é‡Œن؛‘OSS\",\"value\":\"2\"},{\"label\":\"ن¸ƒç‰›ن؛‘\",\"value\":\"3\"},{\"label\":\"è…¾è®¯ن؛‘COS\",\"value\":\"4\"},{\"label\":\"ن؛ڑé©¬é€ٹS3\",\"value\":\"5\"}]', 99, NULL, 1, 1, '2026-01-01 00:00:00', '2026-01-01 00:00:00', NULL);
INSERT INTO `system_config` VALUES (10, 2, 'upload_size', '52428800', 'ن¸ٹن¼ ه¤§ه°ڈ', 'input', NULL, 88, 'هچ•ن½چByte,1MB=1024*1024Byte', 1, 1, '2026-01-01 00:00:00', '2026-01-01 00:00:00', NULL);
INSERT INTO `system_config` VALUES (11, 2, 'local_root', 'public/storage/', 'وœ¬هœ°ه­که‚¨è·¯ه¾„', 'input', NULL, 0, 'وœ¬هœ°ه­که‚¨و–‡ن»¶è·¯ه¾„', 1, 1, '2026-01-01 00:00:00', '2026-01-01 00:00:00', NULL);
INSERT INTO `system_config` VALUES (12, 2, 'local_domain', 'http://127.0.0.1:8000', 'وœ¬هœ°ه­که‚¨هںںهگچ', 'input', NULL, 0, 'http://127.0.0.1:8787', 1, 1, '2026-01-01 00:00:00', '2026-03-22 20:07:02', NULL);
INSERT INTO `system_config` VALUES (13, 2, 'local_uri', '/storage/', 'وœ¬هœ°è®؟é—®è·¯ه¾„', 'input', NULL, 0, 'è®؟é—®وک¯é€ڑè؟‡domain + uri', 1, 1, '2026-01-01 00:00:00', '2026-01-01 00:00:00', NULL);
INSERT INTO `system_config` VALUES (14, 2, 'qiniu_accessKey', '', 'ن¸ƒç‰›key', 'input', NULL, 0, 'ن¸ƒç‰›ن؛‘ه­که‚¨secretId', 1, 1, '2026-01-01 00:00:00', '2026-01-01 00:00:00', NULL);
INSERT INTO `system_config` VALUES (15, 2, 'qiniu_secretKey', '', 'ن¸ƒç‰›secret', 'input', NULL, 0, 'ن¸ƒç‰›ن؛‘ه­که‚¨secretKey', 1, 1, '2026-01-01 00:00:00', '2026-01-01 00:00:00', NULL);
INSERT INTO `system_config` VALUES (16, 2, 'qiniu_bucket', '', 'ن¸ƒç‰›bucket', 'input', NULL, 0, 'ن¸ƒç‰›ن؛‘ه­که‚¨bucket', 1, 1, '2026-01-01 00:00:00', '2026-01-01 00:00:00', NULL);
INSERT INTO `system_config` VALUES (17, 2, 'qiniu_dirname', '', 'ن¸ƒç‰›dirname', 'input', NULL, 0, 'ن¸ƒç‰›ن؛‘ه­که‚¨dirname', 1, 1, '2026-01-01 00:00:00', '2026-01-01 00:00:00', NULL);
INSERT INTO `system_config` VALUES (18, 2, 'qiniu_domain', '', 'ن¸ƒç‰›domain', 'input', NULL, 0, 'ن¸ƒç‰›ن؛‘ه­که‚¨domain', 1, 1, '2026-01-01 00:00:00', '2026-01-01 00:00:00', NULL);
INSERT INTO `system_config` VALUES (19, 2, 'cos_secretId', '', 'è…¾è®¯Id', 'input', NULL, 0, 'è…¾è®¯ن؛‘ه­که‚¨secretId', 1, 1, '2026-01-01 00:00:00', '2026-01-01 00:00:00', NULL);
INSERT INTO `system_config` VALUES (20, 2, 'cos_secretKey', '', 'è…¾è®¯key', 'input', NULL, 0, 'è…¾è®¯ن؛‘secretKey', 1, 1, '2026-01-01 00:00:00', '2026-01-01 00:00:00', NULL);
INSERT INTO `system_config` VALUES (21, 2, 'cos_bucket', '', 'è…¾è®¯bucket', 'input', NULL, 0, 'è…¾è®¯ن؛‘ه­که‚¨bucket', 1, 1, '2026-01-01 00:00:00', '2026-01-01 00:00:00', NULL);
INSERT INTO `system_config` VALUES (22, 2, 'cos_dirname', '', 'è…¾è®¯dirname', 'input', NULL, 0, 'è…¾è®¯ن؛‘ه­که‚¨dirname', 1, 1, '2026-01-01 00:00:00', '2026-01-01 00:00:00', NULL);
INSERT INTO `system_config` VALUES (23, 2, 'cos_domain', '', 'è…¾è®¯domain', 'input', NULL, 0, 'è…¾è®¯ن؛‘ه­که‚¨domain', 1, 1, '2026-01-01 00:00:00', '2026-01-01 00:00:00', NULL);
INSERT INTO `system_config` VALUES (24, 2, 'cos_region', '', 'è…¾è®¯region', 'input', NULL, 0, 'è…¾è®¯ن؛‘ه­که‚¨region', 1, 1, '2026-01-01 00:00:00', '2026-01-01 00:00:00', NULL);
INSERT INTO `system_config` VALUES (25, 2, 'oss_accessKeyId', '', 'éک؟é‡ŒId', 'input', NULL, 0, 'éک؟é‡Œن؛‘ه­که‚¨accessKeyId', 1, 1, '2026-01-01 00:00:00', '2026-01-01 00:00:00', NULL);
INSERT INTO `system_config` VALUES (26, 2, 'oss_accessKeySecret', '', 'éک؟é‡ŒSecret', 'input', NULL, 0, 'éک؟é‡Œن؛‘ه­که‚¨accessKeySecret', 1, 1, '2026-01-01 00:00:00', '2026-01-01 00:00:00', NULL);
INSERT INTO `system_config` VALUES (27, 2, 'oss_bucket', '', 'éک؟é‡Œbucket', 'input', NULL, 0, 'éک؟é‡Œن؛‘ه­که‚¨bucket', 1, 1, '2026-01-01 00:00:00', '2026-01-01 00:00:00', NULL);
INSERT INTO `system_config` VALUES (28, 2, 'oss_dirname', '', 'éک؟é‡Œdirname', 'input', NULL, 0, 'éک؟é‡Œن؛‘ه­که‚¨dirname', 1, 1, '2026-01-01 00:00:00', '2026-01-01 00:00:00', NULL);
INSERT INTO `system_config` VALUES (29, 2, 'oss_domain', '', 'éک؟é‡Œdomain', 'input', NULL, 0, 'éک؟é‡Œن؛‘ه­که‚¨domain', 1, 1, '2026-01-01 00:00:00', '2026-01-01 00:00:00', NULL);
INSERT INTO `system_config` VALUES (30, 2, 'oss_endpoint', '', 'éک؟é‡Œendpoint', 'input', NULL, 0, 'éک؟é‡Œن؛‘ه­که‚¨endpoint', 1, 1, '2026-01-01 00:00:00', '2026-01-01 00:00:00', NULL);
INSERT INTO `system_config` VALUES (31, 3, 'Host', 'smtp.qq.com', 'SMTPوœچهٹ،ه™¨', 'input', '', 100, '', 1, 1, '2026-01-01 00:00:00', '2026-01-01 00:00:00', NULL);
INSERT INTO `system_config` VALUES (32, 3, 'Port', '465', 'SMTPç«¯هڈ£', 'input', '', 100, '', 1, 1, '2026-01-01 00:00:00', '2026-01-01 00:00:00', NULL);
INSERT INTO `system_config` VALUES (33, 3, 'Username', '', 'SMTPç”¨وˆ·هگچ', 'input', '', 100, '', 1, 1, '2026-01-01 00:00:00', '2026-01-01 00:00:00', NULL);
INSERT INTO `system_config` VALUES (34, 3, 'Password', '', 'SMTPه¯†ç پ', 'input', '', 100, '', 1, 1, '2026-01-01 00:00:00', '2026-01-01 00:00:00', NULL);
INSERT INTO `system_config` VALUES (35, 3, 'SMTPSecure', 'ssl', 'SMTPéھŒè¯پو–¹ه¼ڈ', 'radio', '[\r\n    {\"label\":\"ssl\",\"value\":\"ssl\"},\r\n    {\"label\":\"tsl\",\"value\":\"tsl\"}\r\n]', 100, '', 1, 1, '2026-01-01 00:00:00', '2026-01-01 00:00:00', NULL);
INSERT INTO `system_config` VALUES (36, 3, 'From', '', 'é»کè®¤هڈ‘ن»¶ن؛؛', 'input', '', 100, 'é»کè®¤هڈ‘ن»¶çڑ„é‚®ç®±هœ°ه‌€', 1, 1, '2026-01-01 00:00:00', '2026-01-01 00:00:00', NULL);
INSERT INTO `system_config` VALUES (37, 3, 'FromName', 'è´¦وˆ·و³¨ه†Œ', 'é»کè®¤هڈ‘ن»¶هگچç§°', 'input', '', 100, '', 1, 1, '2026-01-01 00:00:00', '2026-01-01 00:00:00', NULL);
INSERT INTO `system_config` VALUES (38, 3, 'CharSet', 'UTF-8', 'ç¼–ç پ', 'input', '', 100, '', 1, 1, '2026-01-01 00:00:00', '2026-01-01 00:00:00', NULL);
INSERT INTO `system_config` VALUES (39, 3, 'SMTPDebug', '1', 'è°ƒè¯•و¨،ه¼ڈ', 'radio', '[\r\n    {\"label\":\"ه…³é—­\",\"value\":\"0\"},\r\n    {\"label\":\"client\",\"value\":\"1\"},\r\n    {\"label\":\"server\",\"value\":\"2\"}\r\n]', 100, '', 1, 1, '2026-01-01 00:00:00', '2026-03-22 20:06:26', NULL);
INSERT INTO `system_config` VALUES (40, 2, 's3_key', '', 'key', 'input', '', 0, '', 1, 1, '2026-01-01 00:00:00', '2026-01-01 00:00:00', NULL);
INSERT INTO `system_config` VALUES (41, 2, 's3_secret', '', 'secret', 'input', '', 0, '', 1, 1, '2026-01-01 00:00:00', '2026-01-01 00:00:00', NULL);
INSERT INTO `system_config` VALUES (42, 2, 's3_bucket', '', 'bucket', 'input', '', 0, '', 1, 1, '2026-01-01 00:00:00', '2026-01-01 00:00:00', NULL);
INSERT INTO `system_config` VALUES (43, 2, 's3_dirname', '', 'dirname', 'input', '', 0, '', 1, 1, '2026-01-01 00:00:00', '2026-01-01 00:00:00', NULL);
INSERT INTO `system_config` VALUES (44, 2, 's3_domain', '', 'domain', 'input', '', 0, '', 1, 1, '2026-01-01 00:00:00', '2026-01-01 00:00:00', NULL);
INSERT INTO `system_config` VALUES (45, 2, 's3_region', '', 'region', 'input', '', 0, '', 1, 1, '2026-01-01 00:00:00', '2026-01-01 00:00:00', NULL);
INSERT INTO `system_config` VALUES (46, 2, 's3_version', '', 'version', 'input', '', 0, '', 1, 1, '2026-01-01 00:00:00', '2026-01-01 00:00:00', NULL);
INSERT INTO `system_config` VALUES (47, 2, 's3_use_path_style_endpoint', '', 'path_style_endpoint', 'input', '', 0, '', 1, 1, '2026-01-01 00:00:00', '2026-01-01 00:00:00', NULL);
INSERT INTO `system_config` VALUES (48, 2, 's3_endpoint', '', 'endpoint', 'input', '', 0, '', 1, 1, '2026-01-01 00:00:00', '2026-01-01 00:00:00', NULL);
INSERT INTO `system_config` VALUES (49, 2, 's3_acl', '', 'acl', 'input', '', 0, '', 1, 1, '2026-01-01 00:00:00', '2026-01-01 00:00:00', NULL);
INSERT INTO `system_config` VALUES (50, 1, 'ggg', '', 'ggg', 'uploadImage', NULL, 100, '', 1, 1, '2026-03-22 20:11:57', '2026-03-22 20:36:34', '2026-03-22 20:36:34');
INSERT INTO `system_config` VALUES (52, 1, 'Logo', 'http://127.0.0.1:8000/uploads/2026/03/28/69c7a3acd6b581.21163358.png', 'Logo', 'uploadImage', NULL, 100, '', 1, 1, '2026-03-25 21:30:52', '2026-03-28 23:36:48', '2026-03-28 23:36:48');
INSERT INTO `system_config` VALUES (54, 1, 'file', '', 'file', 'uploadFile', '[]', 100, '', 1, 1, '2026-03-28 22:17:22', '2026-03-28 22:17:32', '2026-03-28 22:17:32');
INSERT INTO `system_config` VALUES (55, 1, 'file', '', 'file', 'uploadFile', '[]', 100, '', 1, 1, '2026-03-28 22:17:23', '2026-03-28 22:17:36', '2026-03-28 22:17:36');
INSERT INTO `system_config` VALUES (56, 1, 'file', '', 'file', 'uploadFile', '[]', 100, '', 1, 1, '2026-03-28 22:17:28', '2026-03-28 23:36:48', '2026-03-28 23:36:48');

-- ----------------------------
-- Table structure for system_category
-- ----------------------------
DROP TABLE IF EXISTS `system_category`;
CREATE TABLE `system_category`  (
  `id` int(11) NOT NULL AUTO_INCREMENT COMMENT 'هˆ†ç±»ID',
  `parent_id` int(11) NOT NULL DEFAULT 0 COMMENT 'çˆ¶id',
  `level` varchar(255) CHARACTER SET utf8 COLLATE utf8_general_ci NULL DEFAULT NULL COMMENT 'ç»„é›†ه…³ç³»',
  `category_name` varchar(100) CHARACTER SET utf8 COLLATE utf8_general_ci NOT NULL DEFAULT '' COMMENT 'هˆ†ç±»هگچç§°',
  `sort` int(11) NOT NULL DEFAULT 0 COMMENT 'وژ’ه؛ڈ',
  `status` tinyint(1) NULL DEFAULT 1 COMMENT 'çٹ¶و€پ',
  `remark` varchar(255) CHARACTER SET utf8 COLLATE utf8_general_ci NULL DEFAULT NULL COMMENT 'ه¤‡و³¨',
  `created_by` int(11) NULL DEFAULT NULL COMMENT 'هˆ›ه»؛è€…',
  `updated_by` int(11) NULL DEFAULT NULL COMMENT 'و›´و–°è€…',
  `create_time` datetime NULL DEFAULT NULL COMMENT 'هˆ›ه»؛و—¶é—´',
  `update_time` datetime NULL DEFAULT NULL COMMENT 'ن؟®و”¹و—¶é—´',
  `delete_time` datetime NULL DEFAULT NULL COMMENT 'هˆ é™¤و—¶é—´',
  PRIMARY KEY (`id`) USING BTREE,
  INDEX `pid`(`parent_id`) USING BTREE,
  INDEX `sort`(`sort`) USING BTREE
) ENGINE = InnoDB AUTO_INCREMENT = 8 CHARACTER SET = utf8 COLLATE = utf8_general_ci COMMENT = 'é™„ن»¶هˆ†ç±»è،¨' ROW_FORMAT = DYNAMIC;

-- ----------------------------
-- Records of system_category
-- ----------------------------
INSERT INTO `system_category` VALUES (1, 0, '0,', 'ه…¨éƒ¨هˆ†ç±»', 100, 1, NULL, 1, 1, '2026-01-01 00:00:00', '2026-01-01 00:00:00', NULL);
INSERT INTO `system_category` VALUES (2, 1, '0,1,', 'ه›¾ç‰‡هˆ†ç±»', 100, 1, NULL, 1, 1, '2026-01-01 00:00:00', '2026-04-21 01:04:51', NULL);
INSERT INTO `system_category` VALUES (3, 1, '0,1,', 'و–‡ن»¶هˆ†ç±»', 100, 1, NULL, 1, 1, '2026-01-01 00:00:00', '2026-03-23 21:54:20', NULL);
INSERT INTO `system_category` VALUES (4, 1, '0,1,', 'ç³»ç»ںه›¾ç‰‡', 100, 1, NULL, 1, 1, '2026-01-01 00:00:00', '2026-01-01 00:00:00', NULL);
INSERT INTO `system_category` VALUES (5, 1, '0,1,', 'ه…¶ن»–هˆ†ç±»', 100, 1, NULL, 1, 1, '2026-01-01 00:00:00', '2026-03-28 23:51:54', NULL);
INSERT INTO `system_category` VALUES (6, 1, '0,1,', 'ces', 100, 1, '', 1, 1, '2026-03-23 21:52:33', '2026-03-23 21:52:35', '2026-03-23 21:52:35');
INSERT INTO `system_category` VALUES (7, 2, '0,1,2,', 'وµ‹è¯•', 100, 1, '', 1, 1, '2026-03-23 21:52:46', '2026-03-23 22:02:52', '2026-03-23 22:02:52');

-- ----------------------------
-- Table structure for system_attachment
-- ----------------------------
DROP TABLE IF EXISTS `system_attachment`;
CREATE TABLE `system_attachment`  (
  `id` int(11) UNSIGNED NOT NULL AUTO_INCREMENT COMMENT 'ن¸»é”®',
  `category_id` int(11) NULL DEFAULT 0 COMMENT 'و–‡ن»¶هˆ†ç±»',
  `storage_mode` smallint(6) NULL DEFAULT 1 COMMENT 'ه­که‚¨و¨،ه¼ڈ (1 وœ¬هœ° 2 éک؟é‡Œن؛‘ 3 ن¸ƒç‰›ن؛‘ 4 è…¾è®¯ن؛‘)',
  `origin_name` varchar(255) CHARACTER SET utf8 COLLATE utf8_general_ci NULL DEFAULT NULL COMMENT 'هژںو–‡ن»¶هگچ',
  `object_name` varchar(50) CHARACTER SET utf8 COLLATE utf8_general_ci NULL DEFAULT NULL COMMENT 'و–°و–‡ن»¶هگچ',
  `hash` varchar(64) CHARACTER SET utf8 COLLATE utf8_general_ci NULL DEFAULT NULL COMMENT 'و–‡ن»¶hash',
  `mime_type` varchar(255) CHARACTER SET utf8 COLLATE utf8_general_ci NULL DEFAULT NULL COMMENT 'èµ„و؛گç±»ه‍‹',
  `storage_path` varchar(100) CHARACTER SET utf8 COLLATE utf8_general_ci NULL DEFAULT NULL COMMENT 'ه­که‚¨ç›®ه½•',
  `suffix` varchar(10) CHARACTER SET utf8 COLLATE utf8_general_ci NULL DEFAULT NULL COMMENT 'و–‡ن»¶هگژç¼€',
  `size_byte` bigint(20) NULL DEFAULT NULL COMMENT 'ه­—èٹ‚و•°',
  `size_info` varchar(50) CHARACTER SET utf8 COLLATE utf8_general_ci NULL DEFAULT NULL COMMENT 'و–‡ن»¶ه¤§ه°ڈ',
  `url` varchar(255) CHARACTER SET utf8 COLLATE utf8_general_ci NULL DEFAULT NULL COMMENT 'urlهœ°ه‌€',
  `remark` varchar(255) CHARACTER SET utf8 COLLATE utf8_general_ci NULL DEFAULT NULL COMMENT 'ه¤‡و³¨',
  `created_by` int(11) NULL DEFAULT NULL COMMENT 'هˆ›ه»؛è€…',
  `updated_by` int(11) NULL DEFAULT NULL COMMENT 'و›´و–°è€…',
  `create_time` datetime NULL DEFAULT NULL COMMENT 'هˆ›ه»؛و—¶é—´',
  `update_time` datetime NULL DEFAULT NULL COMMENT 'ن؟®و”¹و—¶é—´',
  `delete_time` datetime NULL DEFAULT NULL COMMENT 'هˆ é™¤و—¶é—´',
  PRIMARY KEY (`id`) USING BTREE,
  INDEX `hash`(`hash`) USING BTREE,
  INDEX `idx_url`(`url`) USING BTREE,
  INDEX `idx_create_time`(`create_time`) USING BTREE,
  INDEX `idx_category_id`(`category_id`) USING BTREE
) ENGINE = InnoDB AUTO_INCREMENT = 30 CHARACTER SET = utf8 COLLATE = utf8_general_ci COMMENT = 'é™„ن»¶ن؟،وپ¯è،¨' ROW_FORMAT = DYNAMIC;

-- ----------------------------
-- Records of system_attachment
-- ----------------------------
INSERT INTO `system_attachment` VALUES (29, 1, 1, '3.png', '6a6324157c48e3.93458690.png', 'fe2647af61f3d1bbc83a5225ebbf65d6', 'image/png', 'uploads/2026/07/24', 'png', 1179349, '1.12 MB', 'http://localhost:8080/uploads/2026/07/24/6a6324157c48e3.93458690.png', NULL, 1, 1, '2026-07-24 16:36:37', '2026-07-24 16:36:37', NULL);

-- ----------------------------
-- Table structure for casbin_rule
-- ----------------------------
DROP TABLE IF EXISTS `casbin_rule`;
CREATE TABLE `casbin_rule`  (
  `id` bigint(20) UNSIGNED NOT NULL AUTO_INCREMENT,
  `ptype` varchar(255) CHARACTER SET utf8mb4 COLLATE utf8mb4_unicode_ci NOT NULL DEFAULT '' COMMENT 'ç­–ç•¥ç±»ه‍‹: p(و‌ƒé™گ) / g(è§’è‰²ç»§و‰؟) / g2(éƒ¨é—¨ç»§و‰؟)',
  `v0` varchar(255) CHARACTER SET utf8mb4 COLLATE utf8mb4_unicode_ci NOT NULL DEFAULT '' COMMENT 'ç¬¬1ن¸ھهڈ‚و•°: ç”¨وˆ·ID/è§’è‰²ID/éƒ¨é—¨ID',
  `v1` varchar(255) CHARACTER SET utf8mb4 COLLATE utf8mb4_unicode_ci NOT NULL DEFAULT '' COMMENT 'ç¬¬2ن¸ھهڈ‚و•°: èµ„و؛گ/è§’è‰²/éƒ¨é—¨',
  `v2` varchar(255) CHARACTER SET utf8mb4 COLLATE utf8mb4_unicode_ci NOT NULL DEFAULT '' COMMENT 'ç¬¬3ن¸ھهڈ‚و•°: و“چن½œ/هٹ¨ن½œ',
  `v3` varchar(255) CHARACTER SET utf8mb4 COLLATE utf8mb4_unicode_ci NOT NULL DEFAULT '' COMMENT 'ç¬¬4ن¸ھهڈ‚و•°: و‰©ه±•ه­—و®µ',
  `v4` varchar(255) CHARACTER SET utf8mb4 COLLATE utf8mb4_unicode_ci NOT NULL DEFAULT '' COMMENT 'ç¬¬5ن¸ھهڈ‚و•°: و‰©ه±•ه­—و®µ',
  `v5` varchar(255) CHARACTER SET utf8mb4 COLLATE utf8mb4_unicode_ci NOT NULL DEFAULT '' COMMENT 'ç¬¬6ن¸ھهڈ‚و•°: و‰©ه±•ه­—و®µ',
  PRIMARY KEY (`id`) USING BTREE,
  INDEX `idx_ptype`(`ptype`) USING BTREE,
  INDEX `idx_v0`(`v0`) USING BTREE,
  INDEX `idx_v1`(`v1`) USING BTREE,
  INDEX `idx_v0_v1`(`v0`, `v1`) USING BTREE
) ENGINE = InnoDB AUTO_INCREMENT = 2443 CHARACTER SET = utf8mb4 COLLATE = utf8mb4_unicode_ci COMMENT = 'Casbinو‌ƒé™گè§„هˆ™è،¨' ROW_FORMAT = Dynamic;

-- ----------------------------
-- Records of casbin_rule
-- ----------------------------
INSERT INTO `casbin_rule` VALUES (886, 'p', '1', '/api/api/core/system/user', 'GET', '', '', '');
INSERT INTO `casbin_rule` VALUES (1196, 'p', 'ceo', '/api/core/console', 'GET', '', '', '');
INSERT INTO `casbin_rule` VALUES (1197, 'p', 'ceo', '/api/core/console/list', 'GET', '', '', '');
INSERT INTO `casbin_rule` VALUES (1198, 'p', 'ceo', '/api/core/console/*', 'GET', '', '', '');
INSERT INTO `casbin_rule` VALUES (1202, 'g', '105', 'ceo', '', '', '', '');
INSERT INTO `casbin_rule` VALUES (1204, 'g', '101', 'ceo', '', '', '', '');
INSERT INTO `casbin_rule` VALUES (1278, 'p', 'JTCEO', '/api/core/console', 'GET', '', '', '');
INSERT INTO `casbin_rule` VALUES (1279, 'p', 'JTCEO', '/api/core/console/list', 'GET', '', '', '');
INSERT INTO `casbin_rule` VALUES (1280, 'p', 'JTCEO', '/api/core/console/*', 'GET', '', '', '');
INSERT INTO `casbin_rule` VALUES (1281, 'p', 'JTCEO', '/api/tool/crontab', '*', '', '', '');
INSERT INTO `casbin_rule` VALUES (1282, 'p', 'JTCEO', '/api/tool/crontab', 'PUT', '', '', '');
INSERT INTO `casbin_rule` VALUES (1283, 'p', 'JTCEO', '/api/tool/crontab', '*', '', '', '');
INSERT INTO `casbin_rule` VALUES (1284, 'p', 'JTCEO', '/api/tool/code', '*', '', '', '');
INSERT INTO `casbin_rule` VALUES (1285, 'p', 'JTCEO', '/api/tool/code', 'PUT', '', '', '');
INSERT INTO `casbin_rule` VALUES (1544, 'p', '2', '/api/core/user', '*', '', '', '');
INSERT INTO `casbin_rule` VALUES (1545, 'p', '2', '/api/core/user', '*', '', '', '');
INSERT INTO `casbin_rule` VALUES (1546, 'p', '2', '/api/core/user', 'PUT', '', '', '');
INSERT INTO `casbin_rule` VALUES (1547, 'p', '2', '/api/core/user', '*', '', '', '');
INSERT INTO `casbin_rule` VALUES (1548, 'p', '2', '/api/core/user', 'DELETE', '', '', '');
INSERT INTO `casbin_rule` VALUES (1549, 'p', '2', '/api/core/user', '*', '', '', '');
INSERT INTO `casbin_rule` VALUES (1550, 'p', '2', '/api/core/user', '*', '', '', '');
INSERT INTO `casbin_rule` VALUES (1551, 'p', '2', '/api/core/user', '*', '', '', '');
INSERT INTO `casbin_rule` VALUES (1552, 'p', '2', '/api/core/dept', '*', '', '', '');
INSERT INTO `casbin_rule` VALUES (1553, 'p', '2', '/api/core/dept', '*', '', '', '');
INSERT INTO `casbin_rule` VALUES (1554, 'p', '2', '/api/core/dept', 'PUT', '', '', '');
INSERT INTO `casbin_rule` VALUES (1555, 'p', '2', '/api/core/dept', '*', '', '', '');
INSERT INTO `casbin_rule` VALUES (1556, 'p', '2', '/api/core/dept', 'DELETE', '', '', '');
INSERT INTO `casbin_rule` VALUES (1557, 'p', '2', '/api/core/role', '*', '', '', '');
INSERT INTO `casbin_rule` VALUES (1558, 'p', '2', '/api/core/role', '*', '', '', '');
INSERT INTO `casbin_rule` VALUES (1559, 'p', '2', '/api/core/role', 'PUT', '', '', '');
INSERT INTO `casbin_rule` VALUES (1560, 'p', '2', '/api/core/role', '*', '', '', '');
INSERT INTO `casbin_rule` VALUES (1561, 'p', '2', '/api/core/role', 'DELETE', '', '', '');
INSERT INTO `casbin_rule` VALUES (1562, 'p', '2', '/api/core/role', '*', '', '', '');
INSERT INTO `casbin_rule` VALUES (1563, 'p', '2', '/api/core/post', '*', '', '', '');
INSERT INTO `casbin_rule` VALUES (1564, 'p', '2', '/api/core/post', '*', '', '', '');
INSERT INTO `casbin_rule` VALUES (1565, 'p', '2', '/api/core/post', 'PUT', '', '', '');
INSERT INTO `casbin_rule` VALUES (1566, 'p', '2', '/api/core/post', '*', '', '', '');
INSERT INTO `casbin_rule` VALUES (1567, 'p', '2', '/api/core/post', 'DELETE', '', '', '');
INSERT INTO `casbin_rule` VALUES (1568, 'p', '2', '/api/core/post', '*', '', '', '');
INSERT INTO `casbin_rule` VALUES (1569, 'p', '2', '/api/core/post', '*', '', '', '');
INSERT INTO `casbin_rule` VALUES (1570, 'p', '2', '/api/core/menu', '*', '', '', '');
INSERT INTO `casbin_rule` VALUES (1571, 'p', '2', '/api/core/menu', '*', '', '', '');
INSERT INTO `casbin_rule` VALUES (1572, 'p', '2', '/api/core/menu', '*', '', '', '');
INSERT INTO `casbin_rule` VALUES (1573, 'p', '2', '/api/core/menu', 'PUT', '', '', '');
INSERT INTO `casbin_rule` VALUES (1574, 'p', '2', '/api/core/menu', 'DELETE', '', '', '');
INSERT INTO `casbin_rule` VALUES (1575, 'p', '2', '/api/core/config', '*', '', '', '');
INSERT INTO `casbin_rule` VALUES (1576, 'p', '2', '/api/core/config', 'PUT', '', '', '');
INSERT INTO `casbin_rule` VALUES (1577, 'p', '2', '/api/core/config', 'PUT', '', '', '');
INSERT INTO `casbin_rule` VALUES (1578, 'p', '2', '/api/core/dict', '*', '', '', '');
INSERT INTO `casbin_rule` VALUES (1579, 'p', '2', '/api/core/dict', 'PUT', '', '', '');
INSERT INTO `casbin_rule` VALUES (1580, 'p', '2', '/api/core/attachment', '*', '', '', '');
INSERT INTO `casbin_rule` VALUES (1581, 'p', '2', '/api/core/attachment', 'PUT', '', '', '');
INSERT INTO `casbin_rule` VALUES (1582, 'p', '2', '/api/core/database', '*', '', '', '');
INSERT INTO `casbin_rule` VALUES (1583, 'p', '2', '/api/core/database', 'PUT', '', '', '');
INSERT INTO `casbin_rule` VALUES (1584, 'p', '2', '/api/core/recycle', '*', '', '', '');
INSERT INTO `casbin_rule` VALUES (1585, 'p', '2', '/api/core/recycle', 'PUT', '', '', '');
INSERT INTO `casbin_rule` VALUES (1586, 'p', '2', '/api/core/logs', '*', '', '', '');
INSERT INTO `casbin_rule` VALUES (1587, 'p', '2', '/api/core/logs', '*', '', '', '');
INSERT INTO `casbin_rule` VALUES (1588, 'p', '2', '/api/core/logs', '*', '', '', '');
INSERT INTO `casbin_rule` VALUES (1589, 'p', '2', '/api/core/logs', '*', '', '', '');
INSERT INTO `casbin_rule` VALUES (1590, 'p', '2', '/api/core/email', '*', '', '', '');
INSERT INTO `casbin_rule` VALUES (1591, 'p', '2', '/api/core/email', 'DELETE', '', '', '');
INSERT INTO `casbin_rule` VALUES (1592, 'p', '2', '/api/core/server', '*', '', '', '');
INSERT INTO `casbin_rule` VALUES (1593, 'p', '2', '/api/core/server', '*', '', '', '');
INSERT INTO `casbin_rule` VALUES (1594, 'p', '2', '/api/core/server', '*', '', '', '');
INSERT INTO `casbin_rule` VALUES (1595, 'p', '2', '/api/core/console', 'GET', '', '', '');
INSERT INTO `casbin_rule` VALUES (1596, 'p', '2', '/api/core/console/list', 'GET', '', '', '');
INSERT INTO `casbin_rule` VALUES (1597, 'p', '2', '/api/core/console/*', 'GET', '', '', '');
INSERT INTO `casbin_rule` VALUES (1598, 'p', '2', '/api/tool/crontab', '*', '', '', '');
INSERT INTO `casbin_rule` VALUES (1599, 'p', '2', '/api/tool/crontab', 'PUT', '', '', '');
INSERT INTO `casbin_rule` VALUES (1600, 'p', '2', '/api/tool/crontab', '*', '', '', '');
INSERT INTO `casbin_rule` VALUES (1601, 'p', '2', '/api/tool/code', '*', '', '', '');
INSERT INTO `casbin_rule` VALUES (1602, 'p', '2', '/api/tool/code', 'PUT', '', '', '');
INSERT INTO `casbin_rule` VALUES (1603, 'p', '2', '/api/core/dept', '*', '', '', '');
INSERT INTO `casbin_rule` VALUES (1609, 'p', '2', '/api/core/server', '*', '', '', '');
INSERT INTO `casbin_rule` VALUES (1610, 'p', '2', '/flow', '*', '', '', '');
INSERT INTO `casbin_rule` VALUES (1611, 'p', '2', '/api/flow/category', '*', '', '', '');
INSERT INTO `casbin_rule` VALUES (1612, 'p', '2', '/flow/category', '*', '', '', '');
INSERT INTO `casbin_rule` VALUES (1613, 'p', '2', '/flow/category/*', '*', '', '', '');
INSERT INTO `casbin_rule` VALUES (1614, 'p', '2', '/api/flow/template', '*', '', '', '');
INSERT INTO `casbin_rule` VALUES (1615, 'p', '2', '/flow/template', '*', '', '', '');
INSERT INTO `casbin_rule` VALUES (1616, 'p', '2', '/flow/template/*', '*', '', '', '');
INSERT INTO `casbin_rule` VALUES (1617, 'p', '2', '/api/flow/instance', '*', '', '', '');
INSERT INTO `casbin_rule` VALUES (1618, 'p', '2', '/flow/instance/my-started', '*', '', '', '');
INSERT INTO `casbin_rule` VALUES (1619, 'p', '2', '/flow/instance/my-started/*', '*', '', '', '');
INSERT INTO `casbin_rule` VALUES (1620, 'p', '2', '/api/flow/task', '*', '', '', '');
INSERT INTO `casbin_rule` VALUES (1621, 'p', '2', '/flow/task/pending', '*', '', '', '');
INSERT INTO `casbin_rule` VALUES (1622, 'p', '2', '/flow/task/pending/*', '*', '', '', '');
INSERT INTO `casbin_rule` VALUES (1623, 'p', '2', '/api/flow/task', '*', '', '', '');
INSERT INTO `casbin_rule` VALUES (1624, 'p', '2', '/flow/task/completed', '*', '', '', '');
INSERT INTO `casbin_rule` VALUES (1625, 'p', '2', '/flow/task/completed/*', '*', '', '', '');
INSERT INTO `casbin_rule` VALUES (1626, 'p', '2', '/api/flow/template', 'PUT', '', '', '');
INSERT INTO `casbin_rule` VALUES (1627, 'p', '2', '/flow/template/design/:id', '*', '', '', '');
INSERT INTO `casbin_rule` VALUES (1628, 'p', '2', '/flow/template/design/:id/*', '*', '', '', '');
INSERT INTO `casbin_rule` VALUES (1629, 'p', '2', '/api/flow/template', 'PUT', '', '', '');
INSERT INTO `casbin_rule` VALUES (1630, 'p', '2', '/flow/template/form-design/:id', '*', '', '', '');
INSERT INTO `casbin_rule` VALUES (1631, 'p', '2', '/flow/template/form-design/:id/*', '*', '', '', '');
INSERT INTO `casbin_rule` VALUES (1632, 'p', '2', '/api/flow/instance', '*', '', '', '');
INSERT INTO `casbin_rule` VALUES (1633, 'p', '2', '/flow/instance/start/:templateId', '*', '', '', '');
INSERT INTO `casbin_rule` VALUES (1634, 'p', '2', '/flow/instance/start/:templateId/*', '*', '', '', '');
INSERT INTO `casbin_rule` VALUES (1635, 'p', '2', '/api/flow/instance', '*', '', '', '');
INSERT INTO `casbin_rule` VALUES (1636, 'p', '2', '/flow/instance/detail/:id', '*', '', '', '');
INSERT INTO `casbin_rule` VALUES (1637, 'p', '2', '/flow/instance/detail/:id/*', '*', '', '', '');
INSERT INTO `casbin_rule` VALUES (1638, 'p', '2', '/api/flow/instance', '*', '', '', '');
INSERT INTO `casbin_rule` VALUES (1639, 'p', '2', '/flow/form/leave-request', '*', '', '', '');
INSERT INTO `casbin_rule` VALUES (1640, 'p', '2', '/flow/form/leave-request/*', '*', '', '', '');
INSERT INTO `casbin_rule` VALUES (1641, 'p', '2', '/api/flow/instance', '*', '', '', '');
INSERT INTO `casbin_rule` VALUES (1642, 'p', '2', '/flow/form/expense-claim', '*', '', '', '');
INSERT INTO `casbin_rule` VALUES (1643, 'p', '2', '/flow/form/expense-claim/*', '*', '', '', '');
INSERT INTO `casbin_rule` VALUES (1644, 'p', '2', '/api/flow/instance', '*', '', '', '');
INSERT INTO `casbin_rule` VALUES (1645, 'p', '2', '/flow/form/purchase-request', '*', '', '', '');
INSERT INTO `casbin_rule` VALUES (1646, 'p', '2', '/flow/form/purchase-request/*', '*', '', '', '');
INSERT INTO `casbin_rule` VALUES (1647, 'p', '2', '/api/flow/category', '*', '', '', '');
INSERT INTO `casbin_rule` VALUES (1648, 'p', '2', '/api/flow/category', 'PUT', '', '', '');
INSERT INTO `casbin_rule` VALUES (1649, 'p', '2', '/api/flow/category', 'DELETE', '', '', '');
INSERT INTO `casbin_rule` VALUES (1650, 'p', '2', '/api/flow/instance', '*', '', '', '');
INSERT INTO `casbin_rule` VALUES (1651, 'p', '2', '/api/flow/instance', '*', '', '', '');
INSERT INTO `casbin_rule` VALUES (1652, 'p', '2', '/api/flow/instance', '*', '', '', '');
INSERT INTO `casbin_rule` VALUES (1653, 'p', '2', '/api/flow/instance', '*', '', '', '');
INSERT INTO `casbin_rule` VALUES (1654, 'p', '2', '/api/flow/task', '*', '', '', '');
INSERT INTO `casbin_rule` VALUES (1655, 'p', '2', '/api/flow/instance', '*', '', '', '');
INSERT INTO `casbin_rule` VALUES (1656, 'p', '2', '/api/flow/task', '*', '', '', '');
INSERT INTO `casbin_rule` VALUES (1657, 'p', '2', '/flow/task/copy-me', '*', '', '', '');
INSERT INTO `casbin_rule` VALUES (1658, 'p', '2', '/flow/task/copy-me/*', '*', '', '', '');
INSERT INTO `casbin_rule` VALUES (1659, 'g', '2', 'ceo', '', '', '', '');
INSERT INTO `casbin_rule` VALUES (1791, 'g', '119', 'ceo', '', '', '', '');
INSERT INTO `casbin_rule` VALUES (1792, 'g', '120', 'bg_president', '', '', '', '');
INSERT INTO `casbin_rule` VALUES (1793, 'g', '121', 'gm', '', '', '', '');
INSERT INTO `casbin_rule` VALUES (1839, 'g', '123', 'ceo', '', '', '', '');
INSERT INTO `casbin_rule` VALUES (1840, 'g', '122', 'bg_president', '', '', '', '');
INSERT INTO `casbin_rule` VALUES (2111, 'g', '10', 'staff', '', '', '', '');
INSERT INTO `casbin_rule` VALUES (2132, 'p', '100', '/api/core/user', '*', '', '', '');
INSERT INTO `casbin_rule` VALUES (2133, 'p', '100', '/api/core/user', '*', '', '', '');
INSERT INTO `casbin_rule` VALUES (2134, 'p', '100', '/api/core/user', 'PUT', '', '', '');
INSERT INTO `casbin_rule` VALUES (2135, 'p', '100', '/api/core/user', '*', '', '', '');
INSERT INTO `casbin_rule` VALUES (2136, 'p', '100', '/api/core/user', 'DELETE', '', '', '');
INSERT INTO `casbin_rule` VALUES (2137, 'p', '100', '/api/core/user', '*', '', '', '');
INSERT INTO `casbin_rule` VALUES (2138, 'p', '100', '/api/core/user', '*', '', '', '');
INSERT INTO `casbin_rule` VALUES (2139, 'p', '100', '/api/core/user', '*', '', '', '');
INSERT INTO `casbin_rule` VALUES (2140, 'p', '100', '/api/core/dept', '*', '', '', '');
INSERT INTO `casbin_rule` VALUES (2141, 'p', '100', '/api/core/dept', '*', '', '', '');
INSERT INTO `casbin_rule` VALUES (2142, 'p', '100', '/api/core/dept', 'PUT', '', '', '');
INSERT INTO `casbin_rule` VALUES (2143, 'p', '100', '/api/core/dept', '*', '', '', '');
INSERT INTO `casbin_rule` VALUES (2144, 'p', '100', '/api/core/dept', 'DELETE', '', '', '');
INSERT INTO `casbin_rule` VALUES (2145, 'p', '100', '/api/core/role', '*', '', '', '');
INSERT INTO `casbin_rule` VALUES (2146, 'p', '100', '/api/core/role', '*', '', '', '');
INSERT INTO `casbin_rule` VALUES (2147, 'p', '100', '/api/core/role', 'PUT', '', '', '');
INSERT INTO `casbin_rule` VALUES (2148, 'p', '100', '/api/core/role', '*', '', '', '');
INSERT INTO `casbin_rule` VALUES (2149, 'p', '100', '/api/core/role', 'DELETE', '', '', '');
INSERT INTO `casbin_rule` VALUES (2150, 'p', '100', '/api/core/role', '*', '', '', '');
INSERT INTO `casbin_rule` VALUES (2151, 'p', '100', '/api/core/post', '*', '', '', '');
INSERT INTO `casbin_rule` VALUES (2152, 'p', '100', '/api/core/post', '*', '', '', '');
INSERT INTO `casbin_rule` VALUES (2153, 'p', '100', '/api/core/post', 'PUT', '', '', '');
INSERT INTO `casbin_rule` VALUES (2154, 'p', '100', '/api/core/post', '*', '', '', '');
INSERT INTO `casbin_rule` VALUES (2155, 'p', '100', '/api/core/post', 'DELETE', '', '', '');
INSERT INTO `casbin_rule` VALUES (2156, 'p', '100', '/api/core/post', '*', '', '', '');
INSERT INTO `casbin_rule` VALUES (2157, 'p', '100', '/api/core/post', '*', '', '', '');
INSERT INTO `casbin_rule` VALUES (2158, 'p', '100', '/api/core/menu', '*', '', '', '');
INSERT INTO `casbin_rule` VALUES (2159, 'p', '100', '/api/core/menu', '*', '', '', '');
INSERT INTO `casbin_rule` VALUES (2160, 'p', '100', '/api/core/menu', '*', '', '', '');
INSERT INTO `casbin_rule` VALUES (2161, 'p', '100', '/api/core/menu', 'PUT', '', '', '');
INSERT INTO `casbin_rule` VALUES (2162, 'p', '100', '/api/core/menu', 'DELETE', '', '', '');
INSERT INTO `casbin_rule` VALUES (2163, 'p', '100', '/api/core/config', '*', '', '', '');
INSERT INTO `casbin_rule` VALUES (2164, 'p', '100', '/api/core/config', 'PUT', '', '', '');
INSERT INTO `casbin_rule` VALUES (2165, 'p', '100', '/api/core/config', 'PUT', '', '', '');
INSERT INTO `casbin_rule` VALUES (2166, 'p', '100', '/api/core/console', 'GET', '', '', '');
INSERT INTO `casbin_rule` VALUES (2167, 'p', '100', '/api/core/console/list', 'GET', '', '', '');
INSERT INTO `casbin_rule` VALUES (2168, 'p', '100', '/api/core/console/*', 'GET', '', '', '');
INSERT INTO `casbin_rule` VALUES (2169, 'p', '100', '/api/core/dept', '*', '', '', '');
INSERT INTO `casbin_rule` VALUES (2175, 'p', '100', '/template', '*', '', '', '');
INSERT INTO `casbin_rule` VALUES (2176, 'p', '100', '/flow', '*', '', '', '');
INSERT INTO `casbin_rule` VALUES (2177, 'p', '100', '/api/flow/category', '*', '', '', '');
INSERT INTO `casbin_rule` VALUES (2178, 'p', '100', '/flow/category', '*', '', '', '');
INSERT INTO `casbin_rule` VALUES (2179, 'p', '100', '/flow/category/*', '*', '', '', '');
INSERT INTO `casbin_rule` VALUES (2180, 'p', '100', '/api/flow/template', '*', '', '', '');
INSERT INTO `casbin_rule` VALUES (2181, 'p', '100', '/flow/template', '*', '', '', '');
INSERT INTO `casbin_rule` VALUES (2182, 'p', '100', '/flow/template/*', '*', '', '', '');
INSERT INTO `casbin_rule` VALUES (2183, 'p', '100', '/api/flow/instance', '*', '', '', '');
INSERT INTO `casbin_rule` VALUES (2184, 'p', '100', '/flow/instance/my-started', '*', '', '', '');
INSERT INTO `casbin_rule` VALUES (2185, 'p', '100', '/flow/instance/my-started/*', '*', '', '', '');
INSERT INTO `casbin_rule` VALUES (2186, 'p', '100', '/api/flow/task', '*', '', '', '');
INSERT INTO `casbin_rule` VALUES (2187, 'p', '100', '/flow/task/pending', '*', '', '', '');
INSERT INTO `casbin_rule` VALUES (2188, 'p', '100', '/flow/task/pending/*', '*', '', '', '');
INSERT INTO `casbin_rule` VALUES (2189, 'p', '100', '/api/flow/task', '*', '', '', '');
INSERT INTO `casbin_rule` VALUES (2190, 'p', '100', '/flow/task/completed', '*', '', '', '');
INSERT INTO `casbin_rule` VALUES (2191, 'p', '100', '/flow/task/completed/*', '*', '', '', '');
INSERT INTO `casbin_rule` VALUES (2192, 'p', '100', '/api/flow/template', 'PUT', '', '', '');
INSERT INTO `casbin_rule` VALUES (2193, 'p', '100', '/flow/template/design/:id', '*', '', '', '');
INSERT INTO `casbin_rule` VALUES (2194, 'p', '100', '/flow/template/design/:id/*', '*', '', '', '');
INSERT INTO `casbin_rule` VALUES (2195, 'p', '100', '/api/flow/template', 'PUT', '', '', '');
INSERT INTO `casbin_rule` VALUES (2196, 'p', '100', '/flow/template/form-design/:id', '*', '', '', '');
INSERT INTO `casbin_rule` VALUES (2197, 'p', '100', '/flow/template/form-design/:id/*', '*', '', '', '');
INSERT INTO `casbin_rule` VALUES (2198, 'p', '100', '/api/flow/instance', '*', '', '', '');
INSERT INTO `casbin_rule` VALUES (2199, 'p', '100', '/flow/instance/start/:templateId', '*', '', '', '');
INSERT INTO `casbin_rule` VALUES (2200, 'p', '100', '/flow/instance/start/:templateId/*', '*', '', '', '');
INSERT INTO `casbin_rule` VALUES (2201, 'p', '100', '/api/flow/instance', '*', '', '', '');
INSERT INTO `casbin_rule` VALUES (2202, 'p', '100', '/flow/instance/detail/:id', '*', '', '', '');
INSERT INTO `casbin_rule` VALUES (2203, 'p', '100', '/flow/instance/detail/:id/*', '*', '', '', '');
INSERT INTO `casbin_rule` VALUES (2204, 'p', '100', '/api/flow/instance', '*', '', '', '');
INSERT INTO `casbin_rule` VALUES (2205, 'p', '100', '/flow/form/leave-request', '*', '', '', '');
INSERT INTO `casbin_rule` VALUES (2206, 'p', '100', '/flow/form/leave-request/*', '*', '', '', '');
INSERT INTO `casbin_rule` VALUES (2207, 'p', '100', '/api/flow/instance', '*', '', '', '');
INSERT INTO `casbin_rule` VALUES (2208, 'p', '100', '/flow/form/expense-claim', '*', '', '', '');
INSERT INTO `casbin_rule` VALUES (2209, 'p', '100', '/flow/form/expense-claim/*', '*', '', '', '');
INSERT INTO `casbin_rule` VALUES (2210, 'p', '100', '/api/flow/instance', '*', '', '', '');
INSERT INTO `casbin_rule` VALUES (2211, 'p', '100', '/flow/form/purchase-request', '*', '', '', '');
INSERT INTO `casbin_rule` VALUES (2212, 'p', '100', '/flow/form/purchase-request/*', '*', '', '', '');
INSERT INTO `casbin_rule` VALUES (2213, 'p', '100', '/api/flow/category', '*', '', '', '');
INSERT INTO `casbin_rule` VALUES (2214, 'p', '100', '/api/flow/category', 'PUT', '', '', '');
INSERT INTO `casbin_rule` VALUES (2215, 'p', '100', '/api/flow/category', 'DELETE', '', '', '');
INSERT INTO `casbin_rule` VALUES (2216, 'p', '100', '/api/flow/instance', '*', '', '', '');
INSERT INTO `casbin_rule` VALUES (2217, 'p', '100', '/api/flow/instance', '*', '', '', '');
INSERT INTO `casbin_rule` VALUES (2218, 'p', '100', '/api/flow/instance', '*', '', '', '');
INSERT INTO `casbin_rule` VALUES (2219, 'p', '100', '/api/flow/instance', '*', '', '', '');
INSERT INTO `casbin_rule` VALUES (2220, 'p', '100', '/api/flow/task', '*', '', '', '');
INSERT INTO `casbin_rule` VALUES (2221, 'p', '100', '/api/flow/instance', '*', '', '', '');
INSERT INTO `casbin_rule` VALUES (2222, 'p', '100', '/api/flow/task', '*', '', '', '');
INSERT INTO `casbin_rule` VALUES (2223, 'p', '100', '/flow/task/copy-me', '*', '', '', '');
INSERT INTO `casbin_rule` VALUES (2224, 'p', '100', '/flow/task/copy-me/*', '*', '', '', '');
INSERT INTO `casbin_rule` VALUES (2225, 'p', '100', '/api/flow/task', '*', '', '', '');
INSERT INTO `casbin_rule` VALUES (2226, 'p', '100', '/flow/task/reverted-canceled', '*', '', '', '');
INSERT INTO `casbin_rule` VALUES (2227, 'p', '100', '/flow/task/reverted-canceled/*', '*', '', '', '');
INSERT INTO `casbin_rule` VALUES (2228, 'p', '100', '/api/flow/task', '*', '', '', '');
INSERT INTO `casbin_rule` VALUES (2229, 'p', '100', '/api/flow/task', '*', '', '', '');
INSERT INTO `casbin_rule` VALUES (2230, 'p', '100', '/api/flow/task', '*', '', '', '');
INSERT INTO `casbin_rule` VALUES (2231, 'p', '100', '/api/flow/instance', '*', '', '', '');
INSERT INTO `casbin_rule` VALUES (2232, 'p', '100', '/flow/instance/resubmit/:instanceId', '*', '', '', '');
INSERT INTO `casbin_rule` VALUES (2233, 'p', '100', '/flow/instance/resubmit/:instanceId/*', '*', '', '', '');
INSERT INTO `casbin_rule` VALUES (2234, 'p', '100', '/api/flow/center', '*', '', '', '');
INSERT INTO `casbin_rule` VALUES (2235, 'p', '100', '/flow/center', '*', '', '', '');
INSERT INTO `casbin_rule` VALUES (2236, 'p', '100', '/flow/center/*', '*', '', '', '');
INSERT INTO `casbin_rule` VALUES (2237, 'p', '100', '/api/flow/delegate', '*', '', '', '');
INSERT INTO `casbin_rule` VALUES (2238, 'p', '100', '/flow/delegate', '*', '', '', '');
INSERT INTO `casbin_rule` VALUES (2239, 'p', '100', '/flow/delegate/*', '*', '', '', '');
INSERT INTO `casbin_rule` VALUES (2240, 'p', '100', '/api/flow/delegate', '*', '', '', '');
INSERT INTO `casbin_rule` VALUES (2241, 'p', '100', '/api/flow/delegate', '*', '', '', '');
INSERT INTO `casbin_rule` VALUES (2242, 'p', '100', '/api/flow/delegate', 'PUT', '', '', '');
INSERT INTO `casbin_rule` VALUES (2243, 'p', '100', '/api/flow/delegate', 'DELETE', '', '', '');
INSERT INTO `casbin_rule` VALUES (2244, 'p', '100', '/api/flow/message', '*', '', '', '');
INSERT INTO `casbin_rule` VALUES (2245, 'p', '100', '/flow/message', '*', '', '', '');
INSERT INTO `casbin_rule` VALUES (2246, 'p', '100', '/flow/message/*', '*', '', '', '');
INSERT INTO `casbin_rule` VALUES (2247, 'p', '100', '/api/flow/message', '*', '', '', '');
INSERT INTO `casbin_rule` VALUES (2248, 'p', '100', '/api/flow/message', 'DELETE', '', '', '');
INSERT INTO `casbin_rule` VALUES (2249, 'p', '100', '/api/flow/instance', '*', '', '', '');
INSERT INTO `casbin_rule` VALUES (2250, 'p', '100', '/flow/instance/template/:templateId', '*', '', '', '');
INSERT INTO `casbin_rule` VALUES (2251, 'p', '100', '/flow/instance/template/:templateId/*', '*', '', '', '');
INSERT INTO `casbin_rule` VALUES (2252, 'p', '10', '/api/core/user', '*', '', '', '');
INSERT INTO `casbin_rule` VALUES (2253, 'p', '10', '/api/core/user', '*', '', '', '');
INSERT INTO `casbin_rule` VALUES (2254, 'p', '10', '/api/core/user', 'PUT', '', '', '');
INSERT INTO `casbin_rule` VALUES (2255, 'p', '10', '/api/core/user', '*', '', '', '');
INSERT INTO `casbin_rule` VALUES (2256, 'p', '10', '/api/core/user', 'DELETE', '', '', '');
INSERT INTO `casbin_rule` VALUES (2257, 'p', '10', '/api/core/user', '*', '', '', '');
INSERT INTO `casbin_rule` VALUES (2258, 'p', '10', '/api/core/user', '*', '', '', '');
INSERT INTO `casbin_rule` VALUES (2259, 'p', '10', '/api/core/user', '*', '', '', '');
INSERT INTO `casbin_rule` VALUES (2260, 'p', '10', '/api/core/dept', '*', '', '', '');
INSERT INTO `casbin_rule` VALUES (2261, 'p', '10', '/api/core/dept', '*', '', '', '');
INSERT INTO `casbin_rule` VALUES (2262, 'p', '10', '/api/core/dept', 'PUT', '', '', '');
INSERT INTO `casbin_rule` VALUES (2263, 'p', '10', '/api/core/dept', '*', '', '', '');
INSERT INTO `casbin_rule` VALUES (2264, 'p', '10', '/api/core/dept', 'DELETE', '', '', '');
INSERT INTO `casbin_rule` VALUES (2265, 'p', '10', '/api/core/role', '*', '', '', '');
INSERT INTO `casbin_rule` VALUES (2266, 'p', '10', '/api/core/role', '*', '', '', '');
INSERT INTO `casbin_rule` VALUES (2267, 'p', '10', '/api/core/role', 'PUT', '', '', '');
INSERT INTO `casbin_rule` VALUES (2268, 'p', '10', '/api/core/role', '*', '', '', '');
INSERT INTO `casbin_rule` VALUES (2269, 'p', '10', '/api/core/role', 'DELETE', '', '', '');
INSERT INTO `casbin_rule` VALUES (2270, 'p', '10', '/api/core/role', '*', '', '', '');
INSERT INTO `casbin_rule` VALUES (2271, 'p', '10', '/api/core/post', '*', '', '', '');
INSERT INTO `casbin_rule` VALUES (2272, 'p', '10', '/api/core/post', '*', '', '', '');
INSERT INTO `casbin_rule` VALUES (2273, 'p', '10', '/api/core/post', 'PUT', '', '', '');
INSERT INTO `casbin_rule` VALUES (2274, 'p', '10', '/api/core/post', '*', '', '', '');
INSERT INTO `casbin_rule` VALUES (2275, 'p', '10', '/api/core/post', 'DELETE', '', '', '');
INSERT INTO `casbin_rule` VALUES (2276, 'p', '10', '/api/core/post', '*', '', '', '');
INSERT INTO `casbin_rule` VALUES (2277, 'p', '10', '/api/core/post', '*', '', '', '');
INSERT INTO `casbin_rule` VALUES (2278, 'p', '10', '/api/core/menu', '*', '', '', '');
INSERT INTO `casbin_rule` VALUES (2279, 'p', '10', '/api/core/menu', '*', '', '', '');
INSERT INTO `casbin_rule` VALUES (2280, 'p', '10', '/api/core/menu', '*', '', '', '');
INSERT INTO `casbin_rule` VALUES (2281, 'p', '10', '/api/core/menu', 'PUT', '', '', '');
INSERT INTO `casbin_rule` VALUES (2282, 'p', '10', '/api/core/menu', 'DELETE', '', '', '');
INSERT INTO `casbin_rule` VALUES (2283, 'p', '10', '/api/core/config', '*', '', '', '');
INSERT INTO `casbin_rule` VALUES (2284, 'p', '10', '/api/core/config', 'PUT', '', '', '');
INSERT INTO `casbin_rule` VALUES (2285, 'p', '10', '/api/core/config', 'PUT', '', '', '');
INSERT INTO `casbin_rule` VALUES (2286, 'p', '10', '/api/core/console', 'GET', '', '', '');
INSERT INTO `casbin_rule` VALUES (2287, 'p', '10', '/api/core/console/list', 'GET', '', '', '');
INSERT INTO `casbin_rule` VALUES (2288, 'p', '10', '/api/core/console/*', 'GET', '', '', '');
INSERT INTO `casbin_rule` VALUES (2289, 'p', '10', '/api/core/dept', '*', '', '', '');
INSERT INTO `casbin_rule` VALUES (2295, 'p', '10', '/template', '*', '', '', '');
INSERT INTO `casbin_rule` VALUES (2296, 'p', '10', '/flow', '*', '', '', '');
INSERT INTO `casbin_rule` VALUES (2297, 'p', '10', '/api/flow/category', '*', '', '', '');
INSERT INTO `casbin_rule` VALUES (2298, 'p', '10', '/flow/category', '*', '', '', '');
INSERT INTO `casbin_rule` VALUES (2299, 'p', '10', '/flow/category/*', '*', '', '', '');
INSERT INTO `casbin_rule` VALUES (2300, 'p', '10', '/api/flow/template', '*', '', '', '');
INSERT INTO `casbin_rule` VALUES (2301, 'p', '10', '/flow/template', '*', '', '', '');
INSERT INTO `casbin_rule` VALUES (2302, 'p', '10', '/flow/template/*', '*', '', '', '');
INSERT INTO `casbin_rule` VALUES (2303, 'p', '10', '/api/flow/instance', '*', '', '', '');
INSERT INTO `casbin_rule` VALUES (2304, 'p', '10', '/flow/instance/my-started', '*', '', '', '');
INSERT INTO `casbin_rule` VALUES (2305, 'p', '10', '/flow/instance/my-started/*', '*', '', '', '');
INSERT INTO `casbin_rule` VALUES (2306, 'p', '10', '/api/flow/task', '*', '', '', '');
INSERT INTO `casbin_rule` VALUES (2307, 'p', '10', '/flow/task/pending', '*', '', '', '');
INSERT INTO `casbin_rule` VALUES (2308, 'p', '10', '/flow/task/pending/*', '*', '', '', '');
INSERT INTO `casbin_rule` VALUES (2309, 'p', '10', '/api/flow/task', '*', '', '', '');
INSERT INTO `casbin_rule` VALUES (2310, 'p', '10', '/flow/task/completed', '*', '', '', '');
INSERT INTO `casbin_rule` VALUES (2311, 'p', '10', '/flow/task/completed/*', '*', '', '', '');
INSERT INTO `casbin_rule` VALUES (2312, 'p', '10', '/api/flow/template', 'PUT', '', '', '');
INSERT INTO `casbin_rule` VALUES (2313, 'p', '10', '/flow/template/design/:id', '*', '', '', '');
INSERT INTO `casbin_rule` VALUES (2314, 'p', '10', '/flow/template/design/:id/*', '*', '', '', '');
INSERT INTO `casbin_rule` VALUES (2315, 'p', '10', '/api/flow/template', 'PUT', '', '', '');
INSERT INTO `casbin_rule` VALUES (2316, 'p', '10', '/flow/template/form-design/:id', '*', '', '', '');
INSERT INTO `casbin_rule` VALUES (2317, 'p', '10', '/flow/template/form-design/:id/*', '*', '', '', '');
INSERT INTO `casbin_rule` VALUES (2318, 'p', '10', '/api/flow/instance', '*', '', '', '');
INSERT INTO `casbin_rule` VALUES (2319, 'p', '10', '/flow/instance/start/:templateId', '*', '', '', '');
INSERT INTO `casbin_rule` VALUES (2320, 'p', '10', '/flow/instance/start/:templateId/*', '*', '', '', '');
INSERT INTO `casbin_rule` VALUES (2321, 'p', '10', '/api/flow/instance', '*', '', '', '');
INSERT INTO `casbin_rule` VALUES (2322, 'p', '10', '/flow/instance/detail/:id', '*', '', '', '');
INSERT INTO `casbin_rule` VALUES (2323, 'p', '10', '/flow/instance/detail/:id/*', '*', '', '', '');
INSERT INTO `casbin_rule` VALUES (2324, 'p', '10', '/api/flow/instance', '*', '', '', '');
INSERT INTO `casbin_rule` VALUES (2325, 'p', '10', '/flow/form/leave-request', '*', '', '', '');
INSERT INTO `casbin_rule` VALUES (2326, 'p', '10', '/flow/form/leave-request/*', '*', '', '', '');
INSERT INTO `casbin_rule` VALUES (2327, 'p', '10', '/api/flow/instance', '*', '', '', '');
INSERT INTO `casbin_rule` VALUES (2328, 'p', '10', '/flow/form/expense-claim', '*', '', '', '');
INSERT INTO `casbin_rule` VALUES (2329, 'p', '10', '/flow/form/expense-claim/*', '*', '', '', '');
INSERT INTO `casbin_rule` VALUES (2330, 'p', '10', '/api/flow/instance', '*', '', '', '');
INSERT INTO `casbin_rule` VALUES (2331, 'p', '10', '/flow/form/purchase-request', '*', '', '', '');
INSERT INTO `casbin_rule` VALUES (2332, 'p', '10', '/flow/form/purchase-request/*', '*', '', '', '');
INSERT INTO `casbin_rule` VALUES (2333, 'p', '10', '/api/flow/category', '*', '', '', '');
INSERT INTO `casbin_rule` VALUES (2334, 'p', '10', '/api/flow/category', 'PUT', '', '', '');
INSERT INTO `casbin_rule` VALUES (2335, 'p', '10', '/api/flow/category', 'DELETE', '', '', '');
INSERT INTO `casbin_rule` VALUES (2336, 'p', '10', '/api/flow/instance', '*', '', '', '');
INSERT INTO `casbin_rule` VALUES (2337, 'p', '10', '/api/flow/instance', '*', '', '', '');
INSERT INTO `casbin_rule` VALUES (2338, 'p', '10', '/api/flow/instance', '*', '', '', '');
INSERT INTO `casbin_rule` VALUES (2339, 'p', '10', '/api/flow/instance', '*', '', '', '');
INSERT INTO `casbin_rule` VALUES (2340, 'p', '10', '/api/flow/task', '*', '', '', '');
INSERT INTO `casbin_rule` VALUES (2341, 'p', '10', '/api/flow/instance', '*', '', '', '');
INSERT INTO `casbin_rule` VALUES (2342, 'p', '10', '/api/flow/task', '*', '', '', '');
INSERT INTO `casbin_rule` VALUES (2343, 'p', '10', '/flow/task/copy-me', '*', '', '', '');
INSERT INTO `casbin_rule` VALUES (2344, 'p', '10', '/flow/task/copy-me/*', '*', '', '', '');
INSERT INTO `casbin_rule` VALUES (2345, 'p', '10', '/api/flow/task', '*', '', '', '');
INSERT INTO `casbin_rule` VALUES (2346, 'p', '10', '/flow/task/reverted-canceled', '*', '', '', '');
INSERT INTO `casbin_rule` VALUES (2347, 'p', '10', '/flow/task/reverted-canceled/*', '*', '', '', '');
INSERT INTO `casbin_rule` VALUES (2348, 'p', '10', '/api/flow/task', '*', '', '', '');
INSERT INTO `casbin_rule` VALUES (2349, 'p', '10', '/api/flow/task', '*', '', '', '');
INSERT INTO `casbin_rule` VALUES (2350, 'p', '10', '/api/flow/task', '*', '', '', '');
INSERT INTO `casbin_rule` VALUES (2351, 'p', '10', '/api/flow/instance', '*', '', '', '');
INSERT INTO `casbin_rule` VALUES (2352, 'p', '10', '/flow/instance/resubmit/:instanceId', '*', '', '', '');
INSERT INTO `casbin_rule` VALUES (2353, 'p', '10', '/flow/instance/resubmit/:instanceId/*', '*', '', '', '');
INSERT INTO `casbin_rule` VALUES (2354, 'p', '10', '/api/flow/center', '*', '', '', '');
INSERT INTO `casbin_rule` VALUES (2355, 'p', '10', '/flow/center', '*', '', '', '');
INSERT INTO `casbin_rule` VALUES (2356, 'p', '10', '/flow/center/*', '*', '', '', '');
INSERT INTO `casbin_rule` VALUES (2357, 'p', '10', '/api/flow/delegate', '*', '', '', '');
INSERT INTO `casbin_rule` VALUES (2358, 'p', '10', '/flow/delegate', '*', '', '', '');
INSERT INTO `casbin_rule` VALUES (2359, 'p', '10', '/flow/delegate/*', '*', '', '', '');
INSERT INTO `casbin_rule` VALUES (2360, 'p', '10', '/api/flow/delegate', '*', '', '', '');
INSERT INTO `casbin_rule` VALUES (2361, 'p', '10', '/api/flow/delegate', '*', '', '', '');
INSERT INTO `casbin_rule` VALUES (2362, 'p', '10', '/api/flow/delegate', 'PUT', '', '', '');
INSERT INTO `casbin_rule` VALUES (2363, 'p', '10', '/api/flow/delegate', 'DELETE', '', '', '');
INSERT INTO `casbin_rule` VALUES (2364, 'p', '10', '/api/flow/message', '*', '', '', '');
INSERT INTO `casbin_rule` VALUES (2365, 'p', '10', '/flow/message', '*', '', '', '');
INSERT INTO `casbin_rule` VALUES (2366, 'p', '10', '/flow/message/*', '*', '', '', '');
INSERT INTO `casbin_rule` VALUES (2367, 'p', '10', '/api/flow/message', '*', '', '', '');
INSERT INTO `casbin_rule` VALUES (2368, 'p', '10', '/api/flow/message', 'DELETE', '', '', '');
INSERT INTO `casbin_rule` VALUES (2369, 'p', '10', '/api/flow/instance', '*', '', '', '');
INSERT INTO `casbin_rule` VALUES (2370, 'p', '10', '/flow/instance/template/:templateId', '*', '', '', '');
INSERT INTO `casbin_rule` VALUES (2371, 'p', '10', '/flow/instance/template/:templateId/*', '*', '', '', '');
INSERT INTO `casbin_rule` VALUES (2398, 'g', '104', 'ceo', '', '', '', '');
INSERT INTO `casbin_rule` VALUES (2423, 'g', '100', 'JTCEO', '', '', '', '');
INSERT INTO `casbin_rule` VALUES (2424, 'g', '100', 'ceo', '', '', '', '');
INSERT INTO `casbin_rule` VALUES (2442, 'g', '1', 'super_admin', '', '', '', '');

SET FOREIGN_KEY_CHECKS = 1;
